{"ActionId":"f95ffdb3-4047-4530-98ec-f1e0c918590a","IconUrl":null,"States":{"书签库":"{\"https://getquicker.net/Forum/ViewTopic/839\":\"{\\\"标题\\\":\\\"状态同步的方法 - Quicker - Google Chrome\\\",\\\"标签\\\":\\\"状态\\\",\\\"添加时间\\\":\\\"1566346901\\\"}\",\"https://getquicker.net/sharedaction?code=10fd7cb4-ce4b-43e2-bd14-08d69fefa28b\":\"{\\\"标题\\\":\\\"创建软链接 - 已分享的动作 - Quicker - Google Chrome\\\",\\\"标签\\\":\\\"软连接\\\",\\\"添加时间\\\":\\\"1566347207\\\"}\"}"}}