{"ActionId":"d0c436ae-f47e-4dde-b3ff-78505fbb7643","IconUrl":null,"States":{"状态2":"{\"控制面板\":\"control\",\"任务管理器\":\"taskmgr\",\"注册表\":\"regedt32\",\"本地安全策略\":\"gpedit.msc\",\"卸载程序\":\"appwiz.cpl\",\"计算机管理\":\"compmgmt.msc\",\"系统配置\":\"msconfig\",\"本机IP地址\":\"cmd /k ipconfig\",\"截图工具\":\"snippingtool\",\"常规\":\"ms-settings:privacy\",\"背景\":\"ms-settings:personalization-background\"}","状态1":"{\"**********传统命令**********\":\": \",\"程序和功能\":\"appwiz.cpl\",\"启动计算器\":\"calc\",\"Chkdsk磁盘检查\":\"chkdsk.exe\",\"打开磁盘清理工具\":\"cleanmgr\",\"CMD命令提示符\":\"cmd.exe\",\"表示600秒后自动关机\":\"Shutdown -s -t 600\",\"可取消定时关机\":\"shutdown -a \",\"表示600秒后自动重启\":\"Shutdown -r -t 600\",\"计算机管理\":\"compmgmt.msc\",\"备份或还原储存的用户名和密码\":\"credwiz\",\"控制面版\":\"control\",\"打开系统组件服务\":\"dcomcnfg\",\"屏幕分辨率\":\"desk.cpl\",\"优化驱动器Windows7\":\"dfrg.msc\",\"电话拨号程序\":\"dialer\",\"磁盘管理\":\"diskmgmt.msc\",\"DVD播放器\":\"dvdplay\",\"检查DirectX信息\":\"dxdiag\",\"造字程序\":\"eudcedit\",\"事件查看器\":\"eventvwr\",\"打开资源管理器\":\"explorer\",\"Windows防火墙\":\"Firewall.cpl\",\"共享文件夹管理器\":\"fsmgmt.msc\",\"组策略\":\"gpedit.msc\",\"设备管理器\":\"hdwwiz.cpl\",\"Internet属性\":\"inetcpl.cpl\",\"区域\":\"intl.cpl\",\"木马捆绑工具，系统自带\":\"iexpress\",\"游戏控制器\":\"joy.cpl\",\"注销命令\":\"logoff\",\"本地用户和组\":\"lusrmgr.msc\",\"语言包安装\":\"lpksetup\",\"本机用户和组\":\"lusrmgr.msc\",\"鼠标属性\":\"main.cpl\",\"声音\":\"mmsys.cpl \",\"打开控制台\":\"mmc\",\"同步命令\":\"mobsync\",\"系统配置实用程序\":\"Msconfig.exe\",\"微软支持诊断工具\":\"msdt\",\"系统信息\":\"msinfo32\",\"画图\":\"mspaint\",\"Windows远程协助\":\"Msra\",\"远程桌面连接\":\"mstsc\",\"客户端配置\":\"NAPCLCFG.MSC\",\"网络连接\":\"Rasphone\",\"屏幕“讲述人”\":\"narrator\",\"高级用户帐户控制面板，设置登陆安全相关的选项\":\"Netplwiz\",\"命令检查接口\":\"netstat \",\"打开记事本\":\"notepad\",\"IP地址侦测器\":\"Nslookup\",\"ODBC数据源管理器\":\"odbcad32\",\"打开“打开或关闭Windows功能”对话框\":\"OptionalFeatures\",\"打开屏幕键盘\":\"osk\",\"计算机性能监测器\":\"perfmon.msc\",\"提供强大远程处理能力\":\"PowerShell\",\"打印管理\":\"printmanagement.msc\",\"电源选项\":\"powercfg.cpl\",\"问题步骤记录器\":\"psr\",\"创建系统修复光盘\":\"Recdisc\",\"资源监视器\":\"Resmon\",\"系统还原\":\"Rstrui\",\"注册表编辑器\":\"regedt32\",\"组策略结果集\":\"rsop.msc\",\"备份状态与配置，就是查看系统是否已备份\":\"sdclt\",\"本地服务设置\":\"services.msc\",\"扫描错误并复原，windows文件保护\":\"sfc /scannow\",\"系统文件检查器\":\"sfc.exe\",\"创建共享文件夹\":\"shrpubw\",\"文件签名验证程序\":\"sigverif\",\"Windows激活，查看系统激活信息\":\"slui\",\"显示详细的许可证信息\":\"slmgr.vbs -dlv \",\"截图工具\":\"snippingtool\",\"录音机，没有录音时间的限制\":\"soundrecorder\",\"便笺\":\"StikyNot\",\"系统属性\":\"sysdm.cpl\",\"系统配置编辑器\":\"sysedit\",\"系统加密，一旦加密就不能解开，保护系统的双重密码\":\"syskey\",\"任务管理器旧版\":\"taskmgr\",\"任务计划程序\":\"taskschd.msc\",\"日期和时间\":\"ms-settings:dateandtime\",\"用户账户控制设置\":\"UserAccountControlSettings\",\"辅助工具管理器\":\"utilman\",\"高级安全Windows防火墙\":\"wf.msc\",\"Windows传真和扫描\":\"WFS\",\"扫描仪和照相机向导\":\"wiaacmgr\",\"关于Windows\":\"winver\",\"打开windows管理体系结构(WMI)\":\"wmimgmt.msc\",\"写字板\":\"write\",\"操作中心\":\"ms-actioncenter:\",\"windows脚本宿主设置\":\"wscript\",\"Windows更新\":\"wuapp\",\"任务管理器\":\"taskmgr\",\"网络管理\":\"ncpa.cpl\",\"控制面板\":\"control\",\"服务\":\"services.msc\",\"注册表\":\"regedt32\",\"本地安全策略\":\"gpedit.msc\",\"卸载程序\":\"appwiz.cpl\",\"计算器\":\"calculator:\",\"计算机管理 \":\"compmgmt.msc\",\"本地用户\":\"lusrmgr.msc\",\"系统配置\":\"msconfig\",\"windows版本\":\"winver\",\"设备与打印机\":\"control Printers\",\"特殊字符\":\"charmap\",\"步骤记录器\":\"psr.exe\",\"本机IP地址\":\"cmd /k ipconfig\",\"hosts文件\":\"C:\\\\Windows\\\\System32\\\\drivers\\\\etc\",\"应用篇\":\":\",\"3D Builder\":\"com.microsoft.builder3d:\",\"闹钟和时钟\":\"ms-clock:\",\"日历\":\"ms-settings:privacy-calendar\",\"相机\":\"ms-settings:privacy-webcam\",\"连接\":\"ms-projection:\",\"Cortana\":\"ms-cortana:\",\"Drawboard PDF\":\"drawboardpdf:\",\"Facebook\":\"fb:\",\"Feedback Hub\":\"feedback-hub:\",\"获取帮助\":\"ms-contact-support:\",\"Groove音乐\":\"mswindowsmusic:\",\"邮件\":\"outlookmail:\",\"地图\":\"bingmaps:\",\"Microsoft Edge\":\"microsoft-edge:\",\"Microsoft Solitaire Collection\":\"xboxliveapp-1297287741:\",\"我的世界Windows10版\":\"minecraft:\",\"混合现实相机\":\"ms-holocamera:\",\"混合现实门户\":\"ms-holographicfirstrun:\",\"电影和电视\":\"mswindowsvideo:\",\"新闻\":\"bingnews:\",\"OneNote\":\"onenote:\",\"画图3D\":\"ms-paint:\",\"人脉\":\"ms-people:\",\"设置\":\"ms-settings:\",\"Skype预览版\":\"ms-projection:\",\"商店\":\"ms-windows-store:\",\"商店-音乐\":\"microsoftmusic:\",\"商店-电影和电视\":\"microsoftvideo:\",\"提示\":\"ms-get-started:\",\"Twitter\":\"twitter:\",\"View 3D Preview\":\"com.microsoft.3dviewer:\",\"录音机\":\"ms-callrecording:\",\"天气\":\"bingweather:\",\"Windows Defender安全中心\":\"windowsdefender:\",\"Windows 混合现实环境\":\"ms-environment-builder:\",\"Windows 家长控制\":\"ms-wpc:\",\"Xbox\":\"xbox::\",\"Xbox – 好友列表\":\"xbox-friendfinder:\",\"Xbox – 资料页\":\"xbox-profile:\",\"Xbox – 网络设置\":\"xbox-network:\",\"Xbox – 设置\":\"xbox-settings:\",\"Xbox One SmartGlass\":\"smartglass:\",\"设置篇\":\":\",\"1、系统\":\":\",\"显示\":\"ms-settings:display\",\"通知和操作\":\"ms-settings:notifications\",\"电源和睡眠\":\"ms-settings:powersleep\",\"电池\":\"ms-settings:batterysaver\",\"应用电池使用量\":\"ms-settings:batterysaver-usagedetails\",\"存储\":\"ms-settings:storagesense\",\"平板模式\":\"ms-settings:tabletmode\",\"多任务\":\"ms-settings:multitasking\",\"投射到这台电脑\":\"ms-settings:project\",\"共享体验\":\"ms-settings:crossdevice\",\"关于\":\"ms-settings:about\",\"2、设备\":\":\",\"蓝牙和其他设备\":\"ms-settings:bluetooth\",\"打印机和扫描仪\":\"ms-settings:printers\",\"鼠标\":\"ms-settings:easeofaccess-mouse\",\"触摸板\":\"ms-settings:devices-touchpad\",\"输入\":\"ms-settings:typing\",\"笔和 Windows Ink\":\"ms-settings:pen\",\"自动播放\":\"ms-settings:autoplay\",\"USB\":\"ms-settings:usb\",\"3、网络和Internet\":\":\",\"状态\":\"ms-settings:network-status\",\"蜂窝和SIM卡\":\"ms-settings:network-cellular\",\"Wi-Fi\":\"ms-settings:network-wifi\",\"管理已知网络\":\"ms-settings:network-wifisettings\",\"以太网\":\"ms-settings:network-ethernet\",\"拨号\":\"ms-settings:network-dialup\",\"VPN\":\"ms-settings:network-vpn\",\"飞行模式\":\"ms-settings:network-airplanemode\",\"手机热点\":\"ms-settings:network-mobilehotspot\",\"数据使用\":\"ms-settings:datausage\",\"代理\":\"ms-settings:network-proxy\",\"4、个性化\":\":\",\"背景\":\"ms-settings:personalization-background\",\"颜色\":\"ms-settings:colors\",\"锁屏界面\":\"ms-settings:lockscreen\",\"主题\":\"ms-settings:themes\",\"开始\":\"ms-settings:personalization-start\",\"任务栏\":\"ms-settings:taskbar\",\"5、应用\":\":\",\"应用和功能\":\"ms-settings:appsfeatures\",\"管理可选功能\":\"ms-settings:optionalfeatures\",\"默认应用\":\"ms-settings:defaultapps\",\"离线地图\":\"ms-settings:maps\",\"用于打开网站的应用\":\"ms-settings:appsforwebsites\",\"6、账户\":\":\",\"你的信息\":\"ms-settings:yourinfo\",\"电子邮件和应用账户\":\"ms-settings:emailandaccounts\",\"登录选项\":\"ms-settings:signinoptions\",\"从工作单位或学校访问\":\"ms-settings:workplace\",\"家庭和其他人员\":\"ms-settings:otherusers\",\"同步你的设置\":\"ms-settings:sync\",\"7、时间和语言\":\":\",\"区域和语言\":\"ms-settings:regionlanguage\",\"语音\":\"ms-settings:speech\",\"8、游戏\":\":\",\"游戏栏\":\"ms-settings:gaming-gamebar\",\"游戏 DVR\":\"ms-settings:gaming-gamedvr\",\"广播\":\"ms-settings:gaming-broadcasting\",\"游戏模式\":\"ms-settings:gaming-gamemode\",\"9、轻松使用\":\":\",\"讲述人\":\"ms-settings:easeofaccess-narrator\",\"放大镜\":\"ms-settings:easeofaccess-magnifier\",\"高对比度\":\"ms-settings:easeofaccess-highcontrast\",\"隐藏式字幕\":\"ms-settings:easeofaccess-closedcaptioning\",\"键盘\":\"ms-settings:easeofaccess-keyboard\",\"其他选项\":\"ms-settings:easeofaccess-otheroptions\",\"10、隐私\":\":\",\"常规\":\"ms-settings:privacy\",\"位置\":\"ms-settings:privacy-location\",\"麦克风\":\"ms-settings:privacy-microphone\",\"通知\":\"ms-settings:privacy-notifications\",\"语音、墨迹书写和键入\":\"ms-settings:privacy-speechtyping\",\"账户信息\":\"ms-settings:privacy-accountinfo\",\"联系人\":\"ms-settings:privacy-contacts\",\"通话记录\":\"ms-settings:privacy-callhistory\",\"电子邮件\":\"ms-settings:privacy-email\",\"任务\":\"ms-settings:privacy-tasks\",\"消息\":\"ms-settings:privacy-messaging\",\"无线电收发器\":\"ms-settings:privacy-radios\",\"其它设备\":\"ms-settings:privacy-customdevices\",\"反馈和诊断\":\"ms-settings:privacy-feedback\",\"后台应用\":\"ms-settings:privacy-backgroundapps\",\"应用诊断\":\"ms-settings:privacy-appdiagnostics\",\"11、更新和安全\":\":\",\"Windows 更新\":\"ms-settings:windowsupdate\",\"检查更新\":\"ms-settings:windowsupdate-action\",\"更新历史\":\"ms-settings:windowsupdate-history\",\"重启选项\":\"ms-settings:windowsupdate-restartoptions\",\"高级选项\":\"ms-settings:windowsupdate-options\",\"Windows Defender\":\"ms-settings:windowsdefender\",\"备份\":\"ms-settings:backup\",\"疑难解答\":\"ms-settings:troubleshoot\",\"恢复\":\"ms-settings:recovery\",\"激活\":\"ms-settings:activation\",\"搜索我的设备\":\"ms-settings:findmydevice\",\"针对开发人员\":\"ms-settings:developers\",\"Windows 预览体验计划\":\"ms-settings:windowsinsider\",\"12、混合现实\":\":\",\"混合现实\":\"ms-settings:holographic\",\"音频和语音\":\"ms-settings:holographic-audio\",\"**********新添命令**********\":\":\",\"查看系统激活信息\":\"slmgr.vbs -xpr\"}","状态5":"100"}}