{"Name":"Microsoft Word","FileVersionId":1872,"DisplayName":"Microsoft Word","Id":"6095c177-ccf6-4f84-8572-964c0bc263e5","LastUpdateTimeUtc":"2019-02-20T01:27:27.4207167","ProfileType":3,"ExeFile":"winword.exe","MatchFullPath":false,"ExeFullpath":"C:\\Program Files\\Microsoft Office\\root\\Office16\\WINWORD.EXE","ListOrder":0,"ActionItems":[{"Row":0,"Col":0,"ActionType":7,"Title":"格式刷","Description":"启动格式刷功能","Icon":"https://deskpad.oss-cn-shanghai.aliyuncs.com/_icons/76EFC74D0087CD6BCA101E1E599A5934197E8C0E.png","Path":null,"DelayMs":0,"Data":"@MENU+VK_H\n@+VK_F,VK_P","Data2":null,"Data3":null,"Children":[],"Id":"b27fa3c2-7ebc-4c0f-accb-716442e7ff9a","TemplateId":"518bf0ce-5ab3-4e96-531e-08d645552c9f","TemplateRevision":0,"LastEditTimeUtc":null,"SharedActionId":"","ShareTimeUtc":null,"CreateTimeUtc":"2019-01-22T08:18:10.3020476Z"},{"Row":0,"Col":1,"ActionType":21,"Title":"去除空格","Description":"批量去除从PDF等文件复制的文字中的空格(注意输入法为英文)","Icon":"https://deskpad.oss-cn-shanghai.aliyuncs.com/_system/composite.png","Path":null,"DelayMs":0,"Data":"[{\"Row\":0,\"Col\":0,\"ActionType\":7,\"Title\":\"打开替换面板\",\"Description\":\"\",\"Icon\":\"https://deskpad.oss-cn-shanghai.aliyuncs.com/_system/sendkeys.png\",\"Path\":null,\"DelayMs\":0,\"Data\":\"@LCONTROL+VK_H\",\"Data2\":null,\"Data3\":null,\"Children\":null,\"Id\":\"12ed471f-db94-494c-9a59-a95e4e028e67\",\"TemplateId\":null,\"Repeat\":1},{\"Row\":0,\"Col\":0,\"ActionType\":6,\"Title\":\"查找空格\",\"Description\":\"\",\"Icon\":\"https://deskpad.oss-cn-shanghai.aliyuncs.com/_system/send_text.png\",\"Path\":null,\"DelayMs\":0,\"Data\":\"^w\",\"Data2\":\"false\",\"Data3\":null,\"Children\":null,\"Id\":\"e167f7e2-1737-4ddf-a26c-f03a62ccd0ec\",\"TemplateId\":null,\"Repeat\":1},{\"Row\":0,\"Col\":0,\"ActionType\":7,\"Title\":\"切换文本输入框\",\"Description\":\"\",\"Icon\":\"https://deskpad.oss-cn-shanghai.aliyuncs.com/_system/sendkeys.png\",\"Path\":null,\"DelayMs\":0,\"Data\":\"@+TAB\",\"Data2\":null,\"Data3\":null,\"Children\":null,\"Id\":\"99fed257-38de-4ed0-83cb-890d69342631\",\"TemplateId\":null,\"Repeat\":1},{\"Row\":0,\"Col\":0,\"ActionType\":6,\"Title\":\"替换空格\",\"Description\":\"\",\"Icon\":\"https://deskpad.oss-cn-shanghai.aliyuncs.com/_system/send_text.png\",\"Path\":null,\"DelayMs\":0,\"Data\":\"^z\",\"Data2\":\"false\",\"Data3\":null,\"Children\":null,\"Id\":\"f05cd7ff-c948-445b-852d-2913dfd359b0\",\"TemplateId\":null,\"Repeat\":1},{\"Row\":0,\"Col\":0,\"ActionType\":7,\"Title\":\"执行替换\",\"Description\":\"\",\"Icon\":\"https://deskpad.oss-cn-shanghai.aliyuncs.com/_system/sendkeys.png\",\"Path\":null,\"DelayMs\":0,\"Data\":\"@RMENU+VK_A\",\"Data2\":null,\"Data3\":null,\"Children\":null,\"Id\":\"ea69fdbf-a09e-464e-8e62-d69dfb12f4a4\",\"TemplateId\":null,\"Repeat\":1}]","Data2":null,"Data3":null,"Children":[],"Id":"58f5230b-5c4c-48d7-8b31-918fad7ce3e9","TemplateId":"706d509f-cd7c-45bf-8c9e-08d6581411e2","TemplateRevision":1,"LastEditTimeUtc":null,"SharedActionId":"","ShareTimeUtc":null,"CreateTimeUtc":"2019-01-22T08:18:18.409448Z"},{"Row":0,"Col":2,"ActionType":21,"Title":"找到文件","Description":"用Everything软件找到当前文档","Icon":"https://deskpad.oss-cn-shanghai.aliyuncs.com/_icons/2B3BC4490E4F2A3E076076015E21EFCD94723B20.png","Path":null,"DelayMs":0,"Data":"[{\"Row\":0,\"Col\":0,\"ActionType\":13,\"Title\":\"[输入]获取窗口标题\",\"Description\":\"\",\"Icon\":\"https://deskpad.oss-cn-shanghai.aliyuncs.com/_system/sub_program.png\",\"Path\":null,\"DelayMs\":0,\"Data\":\"sys:getWindowTitle\",\"Data2\":\"\",\"Data3\":null,\"Children\":null,\"Id\":\"c67447e0-323b-48e7-ac02-1fe13c75d769\",\"TemplateId\":null,\"TemplateRevision\":0,\"LastEditTimeUtc\":null,\"SharedActionId\":null,\"ShareTimeUtc\":null,\"CreateTimeUtc\":null},{\"Row\":0,\"Col\":0,\"ActionType\":13,\"Title\":\"[处理]用正则表达式提取\",\"Description\":\"\",\"Icon\":\"https://deskpad.oss-cn-shanghai.aliyuncs.com/_system/sub_program.png\",\"Path\":null,\"DelayMs\":0,\"Data\":\"sys:regexExtract\",\"Data2\":\"(.+).docx?\",\"Data3\":null,\"Children\":null,\"Id\":\"b75a6778-5ed1-43c2-9e36-60661728628e\",\"TemplateId\":null,\"TemplateRevision\":0,\"LastEditTimeUtc\":null,\"SharedActionId\":null,\"ShareTimeUtc\":null,\"CreateTimeUtc\":null},{\"Row\":0,\"Col\":0,\"ActionType\":11,\"Title\":\"用everything查找\",\"Description\":\"\",\"Icon\":\"https://deskpad.oss-cn-shanghai.aliyuncs.com/_system/run_program.png\",\"Path\":null,\"DelayMs\":0,\"Data\":\"json:{\\\"FileName\\\":\\\"D:\\\\\\\\Program Files\\\\\\\\Everything\\\\\\\\Everything.exe\\\",\\\"Arguments\\\":\\\"-s \\\\\\\"{context}\\\\\\\"\\\",\\\"RunAsAdmin\\\":false,\\\"WaitForExit\\\":false}\",\"Data2\":\"\",\"Data3\":\"\",\"Children\":null,\"Id\":\"07539c9b-f70a-4448-a565-99fb692fb936\",\"TemplateId\":null,\"TemplateRevision\":0,\"LastEditTimeUtc\":null,\"SharedActionId\":null,\"ShareTimeUtc\":null,\"CreateTimeUtc\":null}]","Data2":null,"Data3":null,"Children":[],"Id":"9683a6f1-7c65-42b8-98ec-9b8db5ae6bc0","TemplateId":"3f99ccf4-d464-4f33-c37f-08d641fc46ac","TemplateRevision":0,"LastEditTimeUtc":"2019-01-22T08:23:25.0083971Z","SharedActionId":"","ShareTimeUtc":null,"CreateTimeUtc":"2019-01-22T08:18:30.9785544Z"},{"Row":0,"Col":3,"ActionType":7,"Title":"导出PDF","Description":"导出文档为pdf","Icon":"https://deskpad.oss-cn-shanghai.aliyuncs.com/_icons/09E85FCE62222FE65244E0FE991653FAF1B0EF76.png","Path":null,"DelayMs":0,"Data":"@MENU+VK_F,VK_E,VK_A","Data2":null,"Data3":null,"Children":[],"Id":"2c6b5be7-2046-4ed8-a519-047b0e266930","TemplateId":"0d405115-b5cb-4c97-6390-08d65da4a46f","TemplateRevision":0,"LastEditTimeUtc":null,"SharedActionId":"","ShareTimeUtc":null,"CreateTimeUtc":"2019-01-22T08:18:37.424893Z"},{"Row":1,"Col":0,"ActionType":7,"Title":"Office Word分屏","Description":"Word分屏操作","Icon":"https://deskpad.oss-cn-shanghai.aliyuncs.com/_icons/3591FE06B8F17233CC4882FE39108689D9A0023C.png","Path":null,"DelayMs":0,"Data":"@LCONTROL,LMENU+VK_S","Data2":null,"Data3":null,"Children":[],"Id":"acd48c60-493e-4927-801d-79903690101c","TemplateId":"9958752e-2fc9-4423-bea6-08d65e80b979","TemplateRevision":0,"LastEditTimeUtc":null,"SharedActionId":"","ShareTimeUtc":null,"CreateTimeUtc":"2019-01-22T08:18:43.6163459Z"},{"Row":1,"Col":1,"ActionType":7,"Title":"插入分页","Description":"在光标位置插入分页符","Icon":"https://deskpad.oss-cn-shanghai.aliyuncs.com/_icons/93BAC5686180680C43AB1BF28B60E12A75317BC5.png","Path":null,"DelayMs":0,"Data":"@MENU+VK_N\n!VK_B","Data2":null,"Data3":null,"Children":[],"Id":"73c91db6-5742-4e46-9b3c-65f8725344bc","TemplateId":"c0dd130c-2791-422d-e240-08d63ec7bf60","TemplateRevision":0,"LastEditTimeUtc":null,"SharedActionId":"","ShareTimeUtc":null,"CreateTimeUtc":"2019-01-22T08:18:49.5908835Z"},{"Row":1,"Col":3,"ActionType":7,"Title":"导航窗格","Description":"打开/关闭导航窗格","Icon":"https://deskpad.oss-cn-shanghai.aliyuncs.com/_icons/55A5FF5EB9F008757F240807C5400B55211554A9.png","Path":null,"DelayMs":0,"Data":"@MENU+VK_W\n!VK_K","Data2":null,"Data3":null,"Children":[],"Id":"33cc63f5-3f92-4823-954e-48c882355866","TemplateId":"78f2a946-d6ea-4127-531f-08d645552c9f","TemplateRevision":0,"LastEditTimeUtc":null,"SharedActionId":"","ShareTimeUtc":null,"CreateTimeUtc":"2019-01-22T08:18:56.0115922Z"},{"Row":1,"Col":2,"ActionType":7,"Title":"插入分页（下一页）","Description":"在光标位置插入分页符（下一页）","Icon":"https://deskpad.oss-cn-shanghai.aliyuncs.com/_icons/93BAC5686180680C43AB1BF28B60E12A75317BC5.png","Path":null,"DelayMs":0,"Data":"@MENU+VK_P,VK_B,VK_N","Data2":null,"Data3":null,"Children":[],"Id":"3acaaf07-d257-4dc1-9d4a-c98da0af16d3","TemplateId":"61113f43-fbcb-4453-648f-08d64e6920f1","TemplateRevision":0,"LastEditTimeUtc":null,"SharedActionId":"","ShareTimeUtc":null,"CreateTimeUtc":"2019-01-22T08:19:08.8070933Z"},{"Row":2,"Col":0,"ActionType":7,"Title":"WORD规范文章","Description":"1.去段首全角半角空格2.单倍行距两段对齐","Icon":"https://deskpad.oss-cn-shanghai.aliyuncs.com/_icons/A4049EBF2C7B15961EC68F50AA8F6F0FAB960FF1.png","Path":null,"DelayMs":0,"Data":"@CONTROL+VK_A\n@+PRIOR,RETURN,PRIOR\n@CONTROL+VK_A,VK_J,VK_1\n@LCONTROL+VK_H\n%^13[ 　]{1,99}\n@+TAB\n%^13\n@+TAB,TAB,TAB\n@+RETURN,VK_Y,RETURN\n@LMENU+F4\n@+MENU,VK_P,VK_P,VK_G,TAB,TAB,TAB,TAB,DOWN,UP,UP,DOWN,RETURN,TAB\n%2字符\n@+RETURN\n@CONTROL+VK_A\n@+PRIOR,DELETE","Data2":null,"Data3":null,"Children":[],"Id":"30dc81d0-dcaa-4781-8edf-d0ba0248bd96","TemplateId":"ea9a3435-f499-4ee9-76ae-08d6669f163c","TemplateRevision":2,"LastEditTimeUtc":null,"SharedActionId":"","ShareTimeUtc":null,"CreateTimeUtc":"2019-01-22T08:19:31.4823599Z"},{"Row":2,"Col":2,"ActionType":21,"Title":"合并段落","Description":"将分散在各行的段落合并为一个段落（注意输入法为英文）","Icon":"https://deskpad.oss-cn-shanghai.aliyuncs.com/_system/composite.png","Path":null,"DelayMs":0,"Data":"[{\"Row\":0,\"Col\":0,\"ActionType\":7,\"Title\":\"合并段落\",\"Description\":\"\",\"Icon\":\"https://deskpad.oss-cn-shanghai.aliyuncs.com/_system/sendkeys.png\",\"Path\":null,\"DelayMs\":0,\"Data\":\"@LCONTROL+VK_H\\n%^p\\n@+TAB\\n@RMENU+VK_A\",\"Data2\":null,\"Data3\":null,\"Children\":null,\"Id\":\"3575cde6-0eaa-40ce-ba51-5f5daa5410ab\",\"TemplateId\":null,\"TemplateRevision\":0,\"LastEditTimeUtc\":null,\"SharedActionId\":null,\"ShareTimeUtc\":null,\"CreateTimeUtc\":null}]","Data2":null,"Data3":null,"Children":[],"Id":"1fa6041b-adc5-44a7-a374-6e88484ee59e","TemplateId":"513a9338-a8f8-40c1-725d-08d6600c7926","TemplateRevision":1,"LastEditTimeUtc":null,"SharedActionId":"","ShareTimeUtc":null,"CreateTimeUtc":"2019-01-22T08:19:51.9965688Z"},{"Row":2,"Col":3,"ActionType":24,"Title":"插入图片与题注","Description":"用于一键粘贴图片，将图片设置为相应样式并在下方添加题注","Icon":"https://deskpad.oss-cn-shanghai.aliyuncs.com/_icons/F6E758A0BA5F32256DD6C2DBDB5B70804054F3C8.png","Path":null,"DelayMs":0,"Data":"{\"Variables\":[{\"Key\":\"context\",\"Type\":0,\"Desc\":\"默认的文本变量\",\"DefaultValue\":\"\"},{\"Key\":\"img\",\"Type\":3,\"Desc\":\"默认的图片变量\",\"DefaultValue\":\"\"}],\"Steps\":[{\"StepRunnerKey\":\"sys:keyInput\",\"StepType\":3,\"InputParams\":{\"keys\":{\"VarKey\":null,\"Value\":\"{\\\"CtrlKeys\\\":[],\\\"Keys\\\":[8]}\"}},\"OutputParams\":{},\"IfSteps\":null,\"ElseSteps\":null,\"Note\":null},{\"StepRunnerKey\":\"sys:delay\",\"StepType\":0,\"InputParams\":{\"delayMs\":{\"VarKey\":null,\"Value\":\"100\"}},\"OutputParams\":{},\"IfSteps\":null,\"ElseSteps\":null,\"Note\":null},{\"StepRunnerKey\":\"sys:keyInput\",\"StepType\":3,\"InputParams\":{\"keys\":{\"VarKey\":null,\"Value\":\"{\\\"CtrlKeys\\\":[162],\\\"Keys\\\":[86]}\"}},\"OutputParams\":{},\"IfSteps\":null,\"ElseSteps\":null,\"Note\":null},{\"StepRunnerKey\":\"sys:delay\",\"StepType\":0,\"InputParams\":{\"delayMs\":{\"VarKey\":null,\"Value\":\"300\"}},\"OutputParams\":{},\"IfSteps\":null,\"ElseSteps\":null,\"Note\":null},{\"StepRunnerKey\":\"sys:keyInput\",\"StepType\":3,\"InputParams\":{\"keys\":{\"VarKey\":null,\"Value\":\"{\\\"CtrlKeys\\\":[],\\\"Keys\\\":[35]}\"}},\"OutputParams\":{},\"IfSteps\":null,\"ElseSteps\":null,\"Note\":null},{\"StepRunnerKey\":\"sys:delay\",\"StepType\":0,\"InputParams\":{\"delayMs\":{\"VarKey\":null,\"Value\":\"100\"}},\"OutputParams\":{},\"IfSteps\":null,\"ElseSteps\":null,\"Note\":null},{\"StepRunnerKey\":\"sys:keyInput\",\"StepType\":3,\"InputParams\":{\"keys\":{\"VarKey\":null,\"Value\":\"{\\\"CtrlKeys\\\":[164],\\\"Keys\\\":[72,76]}\"}},\"OutputParams\":{},\"IfSteps\":null,\"ElseSteps\":null,\"Note\":null},{\"StepRunnerKey\":\"sys:delay\",\"StepType\":0,\"InputParams\":{\"delayMs\":{\"VarKey\":null,\"Value\":\"200\"}},\"OutputParams\":{},\"IfSteps\":null,\"ElseSteps\":null,\"Note\":null},{\"StepRunnerKey\":\"sys:keyInput\",\"StepType\":3,\"InputParams\":{\"keys\":{\"VarKey\":null,\"Value\":\"{\\\"CtrlKeys\\\":[],\\\"Keys\\\":[37]}\"}},\"OutputParams\":{},\"IfSteps\":null,\"ElseSteps\":null,\"Note\":null},{\"StepRunnerKey\":\"sys:delay\",\"StepType\":0,\"InputParams\":{\"delayMs\":{\"VarKey\":null,\"Value\":\"100\"}},\"OutputParams\":{},\"IfSteps\":null,\"ElseSteps\":null,\"Note\":null},{\"StepRunnerKey\":\"sys:keyInput\",\"StepType\":3,\"InputParams\":{\"keys\":{\"VarKey\":null,\"Value\":\"{\\\"CtrlKeys\\\":[],\\\"Keys\\\":[13]}\"}},\"OutputParams\":{},\"IfSteps\":null,\"ElseSteps\":null,\"Note\":null},{\"StepRunnerKey\":\"sys:delay\",\"StepType\":0,\"InputParams\":{\"delayMs\":{\"VarKey\":null,\"Value\":\"300\"}},\"OutputParams\":{},\"IfSteps\":null,\"ElseSteps\":null,\"Note\":null},{\"StepRunnerKey\":\"sys:keyInput\",\"StepType\":3,\"InputParams\":{\"keys\":{\"VarKey\":null,\"Value\":\"{\\\"CtrlKeys\\\":[],\\\"Keys\\\":[13]}\"}},\"OutputParams\":{},\"IfSteps\":null,\"ElseSteps\":null,\"Note\":null},{\"StepRunnerKey\":\"sys:delay\",\"StepType\":0,\"InputParams\":{\"delayMs\":{\"VarKey\":null,\"Value\":\"100\"}},\"OutputParams\":{},\"IfSteps\":null,\"ElseSteps\":null,\"Note\":null},{\"StepRunnerKey\":\"sys:keyInput\",\"StepType\":3,\"InputParams\":{\"keys\":{\"VarKey\":null,\"Value\":\"{\\\"CtrlKeys\\\":[164],\\\"Keys\\\":[83,80]}\"}},\"OutputParams\":{},\"IfSteps\":null,\"ElseSteps\":null,\"Note\":null},{\"StepRunnerKey\":\"sys:delay\",\"StepType\":0,\"InputParams\":{\"delayMs\":{\"VarKey\":null,\"Value\":\"100\"}},\"OutputParams\":{},\"IfSteps\":null,\"ElseSteps\":null,\"Note\":null},{\"StepRunnerKey\":\"sys:keyInput\",\"StepType\":3,\"InputParams\":{\"keys\":{\"VarKey\":null,\"Value\":\"{\\\"CtrlKeys\\\":[],\\\"Keys\\\":[13]}\"}},\"OutputParams\":{},\"IfSteps\":null,\"ElseSteps\":null,\"Note\":null},{\"StepRunnerKey\":\"sys:delay\",\"StepType\":0,\"InputParams\":{\"delayMs\":{\"VarKey\":null,\"Value\":\"100\"}},\"OutputParams\":{},\"IfSteps\":null,\"ElseSteps\":null,\"Note\":null},{\"StepRunnerKey\":\"sys:keyInput\",\"StepType\":3,\"InputParams\":{\"keys\":{\"VarKey\":null,\"Value\":\"{\\\"CtrlKeys\\\":[],\\\"Keys\\\":[32]}\"}},\"OutputParams\":{},\"IfSteps\":null,\"ElseSteps\":null,\"Note\":null},{\"StepRunnerKey\":\"sys:keyInput\",\"StepType\":3,\"InputParams\":{\"keys\":{\"VarKey\":null,\"Value\":\"{\\\"CtrlKeys\\\":[162],\\\"Keys\\\":[69]}\"}},\"OutputParams\":{},\"IfSteps\":null,\"ElseSteps\":null,\"Note\":null}]}","Data2":null,"Data3":null,"Children":[],"Id":"2de0e20c-d49b-4293-b012-5bc59d6a89ad","TemplateId":"2ea69585-0c18-4ac8-7864-08d65f4bcd89","TemplateRevision":1,"LastEditTimeUtc":"2019-01-24T01:16:05.7038736Z","SharedActionId":"","ShareTimeUtc":null,"CreateTimeUtc":"2019-01-22T08:19:44.7332321Z"},{"Row":2,"Col":1,"ActionType":7,"Title":"WORD规范回车","Description":"WORD规范回车","Icon":"https://deskpad.oss-cn-shanghai.aliyuncs.com/_icons/73CB99C43B5CBA516CD8F5AC1D62D108163611AD.png","Path":null,"DelayMs":0,"Data":"@LCONTROL+VK_A\n@+PRIOR\n@LCONTROL+VK_H\n%[ 　]{1,99}([^13^l])\n@+TAB\n%\\1\n@+TAB,TAB,TAB\n@+RETURN,VK_Y,RETURN\n@LMENU+F4\n@LCONTROL+VK_H\n%([。：；”？！] *)^l\n@+TAB\n%\\1^13\n@+TAB,TAB,TAB\n@+RETURN,VK_Y,RETURN\n@LMENU+F4","Data2":null,"Data3":null,"Children":[],"Id":"f819611e-e48a-44cf-b08f-f823935081c5","TemplateId":"4d111991-e1b8-49b5-9349-08d666eebf47","TemplateRevision":1,"LastEditTimeUtc":null,"SharedActionId":"","ShareTimeUtc":null,"CreateTimeUtc":"2019-01-22T08:20:01.0373629Z"},{"Row":3,"Col":0,"ActionType":7,"Title":"显示非打印字符","Description":"显示/隐藏非打印字符","Icon":"https://deskpad.oss-cn-shanghai.aliyuncs.com/_icons/FF58FA9A6E057A74CE4191A6F47DB569FD841703.png","Path":null,"DelayMs":0,"Data":"@LCONTROL,LSHIFT+VK_8","Data2":null,"Data3":null,"Children":null,"Id":"f2c2a6e0-829a-420f-b21f-d8d5946b9cc3","TemplateId":null,"TemplateRevision":0,"LastEditTimeUtc":"2019-02-20T01:27:27.4197193Z","SharedActionId":null,"ShareTimeUtc":null,"CreateTimeUtc":null}],"AliasOfProfile":""}