{"Name":"_global","FileVersionId":null,"DisplayName":"_global","Id":"783cce86-6348-4fd2-ac69-96eda89e5955","LastUpdateTimeUtc":"2019-01-14T23:43:40.4466667","ProfileType":1,"ExeFile":"","MatchFullPath":false,"ExeFullpath":null,"ListOrder":0,"ActionItems":[{"Row":2,"Col":0,"ActionType":10,"Title":"默认","Description":null,"Icon":"https://deskpad.oss-cn-shanghai.aliyuncs.com/_system/profile.png","Path":null,"DelayMs":0,"Data":"8f2ccb7a-d89e-42cf-a0bc-e632d7398042","Data2":null,"Data3":null,"Children":null,"Id":"dc354113-0da8-47a4-bbc1-05684e683b73","TemplateId":null,"TemplateRevision":0,"LastEditTimeUtc":null,"SharedActionId":null,"ShareTimeUtc":null,"CreateTimeUtc":null},{"Row":0,"Col":2,"ActionType":11,"Title":"计算器","Description":null,"Icon":"https://deskpad.oss-cn-shanghai.aliyuncs.com/_icons/44443773D639725BFC4BF8D1B6F245444E95DF1A.png","Path":null,"DelayMs":0,"Data":"calc.exe","Data2":"","Data3":"","Children":null,"Id":"ce27d0af-cfbd-459b-ac42-aed88f889c71","TemplateId":null,"TemplateRevision":0,"LastEditTimeUtc":null,"SharedActionId":null,"ShareTimeUtc":null,"CreateTimeUtc":null},{"Row":2,"Col":1,"ActionType":10,"Title":"示例面板","Description":null,"Icon":"https://deskpad.oss-cn-shanghai.aliyuncs.com/_system/profile.png","Path":null,"DelayMs":0,"Data":"示例面板","Data2":null,"Data3":null,"Children":null,"Id":"250c9508-3046-424c-8ada-41636a015e44","TemplateId":null,"TemplateRevision":0,"LastEditTimeUtc":null,"SharedActionId":null,"ShareTimeUtc":null,"CreateTimeUtc":null},{"Row":0,"Col":0,"ActionType":11,"Title":"记事本","Description":null,"Icon":"https://deskpad.oss-cn-shanghai.aliyuncs.com/_icons/47D35FCCDB4E5AA61C6F7645C51EEA2BC21AB274.png","Path":null,"DelayMs":0,"Data":"notepad","Data2":"","Data3":"","Children":[],"Id":"005368e1-510b-40d7-841a-76a82c85d694","TemplateId":"6fa55d69-5789-4c46-8ee2-08d639a457d1","TemplateRevision":0,"LastEditTimeUtc":null,"SharedActionId":null,"ShareTimeUtc":null,"CreateTimeUtc":null},{"Row":0,"Col":1,"ActionType":11,"Title":"画图","Description":null,"Icon":"https://deskpad.oss-cn-shanghai.aliyuncs.com/_icons/CD556F0E339F5727DFEFA49475C1E1D249B31E58.png","Path":null,"DelayMs":0,"Data":"mspaint","Data2":"","Data3":"","Children":[],"Id":"d5db9779-af4d-4267-bce4-1d3758a5e9ec","TemplateId":"225c71b9-f5d0-48ec-8edf-08d639a457d1","TemplateRevision":0,"LastEditTimeUtc":null,"SharedActionId":null,"ShareTimeUtc":null,"CreateTimeUtc":null},{"Row":1,"Col":0,"ActionType":7,"Title":"静音","Description":"","Icon":"https://deskpad.oss-cn-shanghai.aliyuncs.com/_icons/5F0387C4412393F1AB8ED392B87F1594FF41F047.png","Path":null,"DelayMs":0,"Data":"!VOLUME_MUTE","Data2":null,"Data3":null,"Children":null,"Id":"d81d1349-36ff-4c5e-8d8f-599db42c99dc","TemplateId":null,"TemplateRevision":0,"LastEditTimeUtc":null,"SharedActionId":null,"ShareTimeUtc":null,"CreateTimeUtc":null},{"Row":1,"Col":1,"ActionType":11,"Title":"截图工具","Description":"","Icon":"https://deskpad.oss-cn-shanghai.aliyuncs.com/_icons/6864962D198DCEB893B8A9730C22FA3D33ABF124.png","Path":null,"DelayMs":0,"Data":"json:{\"FileName\":\"snippingtool.exe\",\"Arguments\":\"/clip\",\"RunAsAdmin\":false,\"WaitForExit\":false}","Data2":"","Data3":"","Children":[],"Id":"8a79ba92-24a4-4565-83da-5306db2f6747","TemplateId":"0c26703a-1c0d-4700-8ee3-08d639a457d1","TemplateRevision":0,"LastEditTimeUtc":null,"SharedActionId":null,"ShareTimeUtc":null,"CreateTimeUtc":null},{"Row":2,"Col":2,"ActionType":21,"Title":"用谷歌搜","Description":"用谷歌搜索选中的内容","Icon":"https://deskpad.oss-cn-shanghai.aliyuncs.com/_icons/DBC1C89BBFC712AC1E8B5DDFE922A793E91F7BCC.png","Path":null,"DelayMs":0,"Data":"[{\"Row\":0,\"Col\":0,\"ActionType\":13,\"Title\":\"[输入]获取选中文本\",\"Description\":\"\",\"Icon\":\"https://deskpad.oss-cn-shanghai.aliyuncs.com/_system/sub_program.png\",\"Path\":null,\"DelayMs\":0,\"Data\":\"sys:getSelectedText\",\"Data2\":\"\",\"Data3\":null,\"Children\":null,\"Id\":\"95148012-cbb8-4ecf-a1e1-cdc6ce8d887b\",\"TemplateId\":null},{\"Row\":0,\"Col\":0,\"ActionType\":2,\"Title\":\"google\",\"Description\":\"\",\"Icon\":\"https://deskpad.oss-cn-shanghai.aliyuncs.com/_system/website.png\",\"Path\":null,\"DelayMs\":0,\"Data\":\"https://www.google.com/search?q={context}\",\"Data2\":null,\"Data3\":null,\"Children\":null,\"Id\":\"ce7c0822-9f93-4b9e-b17f-ec10420eda6a\",\"TemplateId\":null}]","Data2":null,"Data3":null,"Children":[],"Id":"9358f3d2-922a-4ced-84e4-23381e5b5f4f","TemplateId":"56ec6f7c-4023-42bc-8ef7-08d639a457d1","TemplateRevision":0,"LastEditTimeUtc":null,"SharedActionId":null,"ShareTimeUtc":null,"CreateTimeUtc":null},{"Row":1,"Col":3,"ActionType":24,"Title":"添加到记事本","Description":"打开记事本或选择文字添加到记事本","Icon":"https://deskpad.oss-cn-shanghai.aliyuncs.com/_icons/A42F712D647D880CCAFD6D046D9DECCEFDCEBAE5.png","Path":null,"DelayMs":0,"Data":"{\"Variables\":[{\"Key\":\"context\",\"Type\":0,\"Desc\":\"默认的文本变量\",\"DefaultValue\":\"\"},{\"Key\":\"img\",\"Type\":3,\"Desc\":\"默认的图片变量\",\"DefaultValue\":\"\"},{\"Key\":\"bool1\",\"Type\":2,\"Desc\":\"\",\"DefaultValue\":\"\"},{\"Key\":\"time\",\"Type\":6,\"Desc\":\"\",\"DefaultValue\":\"\"},{\"Key\":\"选中文本是否成功\",\"Type\":2,\"Desc\":\"\",\"DefaultValue\":\"\"}],\"Steps\":[{\"StepRunnerKey\":\"sys:getSelectedText\",\"StepType\":0,\"InputParams\":{\"format\":{\"VarKey\":null,\"Value\":\"UnicodeText\"},\"stopIfFail\":{\"VarKey\":null,\"Value\":\"0\"}},\"OutputParams\":{\"output\":\"context\",\"isSuccess\":\"选中文本是否成功\"},\"IfSteps\":null,\"ElseSteps\":null,\"Note\":null},{\"StepRunnerKey\":\"sys:stringProcess\",\"StepType\":0,\"InputParams\":{\"data\":{\"VarKey\":\"context\",\"Value\":null},\"method\":{\"VarKey\":null,\"Value\":\"trim\"}},\"OutputParams\":{\"output\":\"context\"},\"IfSteps\":null,\"ElseSteps\":null,\"Note\":null},{\"StepRunnerKey\":\"sys:checkProcessExists\",\"StepType\":0,\"InputParams\":{\"process\":{\"VarKey\":null,\"Value\":\"notepad\"}},\"OutputParams\":{\"isExists\":\"bool1\"},\"IfSteps\":null,\"ElseSteps\":null,\"Note\":null},{\"StepRunnerKey\":\"sys:if\",\"StepType\":1,\"InputParams\":{\"condition\":{\"VarKey\":\"bool1\",\"Value\":null}},\"OutputParams\":{},\"IfSteps\":[{\"StepRunnerKey\":\"sys:activateProcessMainWindow\",\"StepType\":0,\"InputParams\":{\"process\":{\"VarKey\":null,\"Value\":\"notepad\"}},\"OutputParams\":{\"isSuccess\":null},\"IfSteps\":null,\"ElseSteps\":null,\"Note\":null}],\"ElseSteps\":[{\"StepRunnerKey\":\"sys:run\",\"StepType\":0,\"InputParams\":{\"path\":{\"VarKey\":null,\"Value\":\"notepad\"},\"arg\":{\"VarKey\":null,\"Value\":\"\"},\"runas\":{\"VarKey\":null,\"Value\":\"0\"},\"waitExit\":{\"VarKey\":null,\"Value\":\"0\"}},\"OutputParams\":{},\"IfSteps\":null,\"ElseSteps\":null,\"Note\":null}],\"Note\":null},{\"StepRunnerKey\":\"sys:if\",\"StepType\":1,\"InputParams\":{\"condition\":{\"VarKey\":\"选中文本是否成功\",\"Value\":null}},\"OutputParams\":{},\"IfSteps\":[{\"StepRunnerKey\":\"sys:getCurrentTime\",\"StepType\":0,\"InputParams\":{\"useUtc\":{\"VarKey\":null,\"Value\":\"0\"}},\"OutputParams\":{\"output\":\"time\"},\"IfSteps\":null,\"ElseSteps\":null,\"Note\":null},{\"StepRunnerKey\":\"sys:delay\",\"StepType\":0,\"InputParams\":{\"delayMs\":{\"VarKey\":null,\"Value\":\"100\"}},\"OutputParams\":{},\"IfSteps\":null,\"ElseSteps\":null,\"Note\":null},{\"StepRunnerKey\":\"sys:outputText\",\"StepType\":0,\"InputParams\":{\"content\":{\"VarKey\":\"time\",\"Value\":null},\"method\":{\"VarKey\":null,\"Value\":\"paste\"}},\"OutputParams\":{},\"IfSteps\":null,\"ElseSteps\":null,\"Note\":null},{\"StepRunnerKey\":\"sys:delay\",\"StepType\":0,\"InputParams\":{\"delayMs\":{\"VarKey\":null,\"Value\":\"100\"}},\"OutputParams\":{},\"IfSteps\":null,\"ElseSteps\":null,\"Note\":null},{\"StepRunnerKey\":\"sys:keyInput\",\"StepType\":3,\"InputParams\":{\"keys\":{\"VarKey\":null,\"Value\":\"{\\\"CtrlKeys\\\":[],\\\"Keys\\\":[13]}\"}},\"OutputParams\":{},\"IfSteps\":null,\"ElseSteps\":null,\"Note\":null},{\"StepRunnerKey\":\"sys:delay\",\"StepType\":0,\"InputParams\":{\"delayMs\":{\"VarKey\":null,\"Value\":\"100\"}},\"OutputParams\":{},\"IfSteps\":null,\"ElseSteps\":null,\"Note\":null},{\"StepRunnerKey\":\"sys:outputText\",\"StepType\":0,\"InputParams\":{\"content\":{\"VarKey\":\"context\",\"Value\":null},\"method\":{\"VarKey\":null,\"Value\":\"paste\"}},\"OutputParams\":{},\"IfSteps\":null,\"ElseSteps\":null,\"Note\":null},{\"StepRunnerKey\":\"sys:delay\",\"StepType\":0,\"InputParams\":{\"delayMs\":{\"VarKey\":null,\"Value\":\"100\"}},\"OutputParams\":{},\"IfSteps\":null,\"ElseSteps\":null,\"Note\":null},{\"StepRunnerKey\":\"sys:keyInput\",\"StepType\":3,\"InputParams\":{\"keys\":{\"VarKey\":null,\"Value\":\"{\\\"CtrlKeys\\\":[],\\\"Keys\\\":[13]}\"}},\"OutputParams\":{},\"IfSteps\":null,\"ElseSteps\":null,\"Note\":null}],\"ElseSteps\":[],\"Note\":null}]}","Data2":null,"Data3":null,"Children":[],"Id":"0c4b83f7-f1f8-4925-9790-563c2290eaf1","TemplateId":"25ebd394-b738-45e8-ac1e-08d667f14f11","TemplateRevision":1,"LastEditTimeUtc":null,"SharedActionId":"","ShareTimeUtc":null,"CreateTimeUtc":"2018-12-28T23:51:43.7048328Z"},{"Row":2,"Col":3,"ActionType":24,"Title":"顶端","Description":"滚屏到顶端","Icon":"https://deskpad.oss-cn-shanghai.aliyuncs.com/_icons/5596F09935DB1B14F14B3492A662C17770121A1D.png","Path":null,"DelayMs":0,"Data":"{\"Variables\":[{\"Key\":\"context\",\"Type\":0,\"Desc\":\"默认的文本变量\",\"DefaultValue\":\"\"},{\"Key\":\"img\",\"Type\":3,\"Desc\":\"默认的图片变量\",\"DefaultValue\":\"\"}],\"Steps\":[{\"StepRunnerKey\":\"sys:mouse\",\"StepType\":0,\"InputParams\":{\"type\":{\"VarKey\":null,\"Value\":\"restore\"},\"btn\":{\"VarKey\":null,\"Value\":null},\"x\":{\"VarKey\":null,\"Value\":null},\"y\":{\"VarKey\":null,\"Value\":null}},\"OutputParams\":{},\"IfSteps\":null,\"ElseSteps\":null},{\"StepRunnerKey\":\"sys:mouse\",\"StepType\":0,\"InputParams\":{\"type\":{\"VarKey\":null,\"Value\":\"scroll\"},\"btn\":{\"VarKey\":null,\"Value\":null},\"x\":{\"VarKey\":null,\"Value\":\"0\"},\"y\":{\"VarKey\":null,\"Value\":\"500\"}},\"OutputParams\":{},\"IfSteps\":null,\"ElseSteps\":null}]}","Data2":null,"Data3":null,"Children":[],"Id":"0df3b58d-6d41-4270-b5f9-a74d96a552be","TemplateId":"b3b8a7cf-75b2-4523-f762-08d66107ce0e","TemplateRevision":0,"LastEditTimeUtc":null,"SharedActionId":"","ShareTimeUtc":null,"CreateTimeUtc":"2018-12-28T23:57:15.7992266Z"},{"Row":1,"Col":2,"ActionType":24,"Title":"天若文字识别","Description":"启动天若OCR文字识别，发送默认F4截图命令","Icon":"https://deskpad.oss-cn-shanghai.aliyuncs.com/_icons/1458207515466C3EF4662644561CBB8D063AE667.png","Path":null,"DelayMs":0,"Data":"{\"Variables\":[{\"Key\":\"context\",\"Type\":0,\"Desc\":\"默认的文本变量\",\"DefaultValue\":\"\"},{\"Key\":\"img\",\"Type\":3,\"Desc\":\"默认的图片变量\",\"DefaultValue\":\"\"},{\"Key\":\"running\",\"Type\":2,\"Desc\":\"\",\"DefaultValue\":\"\"}],\"Steps\":[{\"StepRunnerKey\":\"sys:checkProcessExists\",\"StepType\":0,\"InputParams\":{\"process\":{\"VarKey\":null,\"Value\":\"天若OCR文字识别\"}},\"OutputParams\":{\"isExists\":\"running\"},\"IfSteps\":null,\"ElseSteps\":null,\"Note\":null},{\"StepRunnerKey\":\"sys:if\",\"StepType\":1,\"InputParams\":{\"condition\":{\"VarKey\":\"running\",\"Value\":null}},\"OutputParams\":{},\"IfSteps\":[{\"StepRunnerKey\":\"sys:notify\",\"StepType\":0,\"InputParams\":{\"msg\":{\"VarKey\":null,\"Value\":\"天若OCR文字识别已运行\"},\"type\":{\"VarKey\":null,\"Value\":\"Info\"}},\"OutputParams\":{},\"IfSteps\":null,\"ElseSteps\":null,\"Note\":null}],\"ElseSteps\":[{\"StepRunnerKey\":\"sys:run\",\"StepType\":0,\"InputParams\":{\"path\":{\"VarKey\":null,\"Value\":\"D:\\\\Program Files\\\\TianRuoOCR\\\\天若OCR文字识别.exe\"},\"arg\":{\"VarKey\":null,\"Value\":\"\"},\"runas\":{\"VarKey\":null,\"Value\":\"1\"},\"waitExit\":{\"VarKey\":null,\"Value\":\"0\"}},\"OutputParams\":{},\"IfSteps\":null,\"ElseSteps\":null,\"Note\":null},{\"StepRunnerKey\":\"sys:delay\",\"StepType\":0,\"InputParams\":{\"delayMs\":{\"VarKey\":null,\"Value\":\"2500\"}},\"OutputParams\":{},\"IfSteps\":null,\"ElseSteps\":null,\"Note\":null}],\"Note\":null},{\"StepRunnerKey\":\"sys:keyInput\",\"StepType\":3,\"InputParams\":{\"keys\":{\"VarKey\":null,\"Value\":\"{\\\"CtrlKeys\\\":[],\\\"Keys\\\":[115]}\"}},\"OutputParams\":{},\"IfSteps\":null,\"ElseSteps\":null,\"Note\":null}]}","Data2":null,"Data3":null,"Children":[],"Id":"de10b080-3bc1-47fa-8586-de5e8a58711d","TemplateId":"fd9424df-8a93-49c2-0385-08d66ec50dc9","TemplateRevision":0,"LastEditTimeUtc":"2019-01-02T00:28:52.131978Z","SharedActionId":"","ShareTimeUtc":null,"CreateTimeUtc":"2019-01-02T00:21:08.3697478Z"}],"AliasOfProfile":null}