{"Name":"Google Chrome","FileVersionId":906,"DisplayName":"Google Chrome","Id":"97528a8b-7185-43b1-af42-3315cde724aa","LastUpdateTimeUtc":"2019-01-14T23:43:40.4466667","ProfileType":3,"ExeFile":"chrome.exe","MatchFullPath":false,"ExeFullpath":"C:\\Program Files (x86)\\Google\\Chrome\\Application\\chrome.exe","ListOrder":0,"ActionItems":[{"Row":3,"Col":0,"ActionType":7,"Title":"恢复标签","Description":"恢复标签","Icon":"https://deskpad.oss-cn-shanghai.aliyuncs.com/_icons/7EA4FAC0ED977F817557915730E743D81BA0D055.png","Path":null,"DelayMs":0,"Data":"@CONTROL,SHIFT+VK_T","Data2":null,"Data3":null,"Children":[],"Id":"bc082e3e-a73d-4a57-bb96-28b18fcc84fd","TemplateId":"07b31adb-d7a7-4d61-7ca9-08d6689a7ec3","TemplateRevision":0,"LastEditTimeUtc":null,"SharedActionId":"","ShareTimeUtc":null,"CreateTimeUtc":"2018-12-29T00:02:59.5576244Z"},{"Row":3,"Col":1,"ActionType":7,"Title":"下载内容","Description":"下载内容","Icon":"https://deskpad.oss-cn-shanghai.aliyuncs.com/_icons/57A063A91A71BEE771F8B46BAD5D6272D8FFB833.png","Path":null,"DelayMs":0,"Data":"@CONTROL+VK_J","Data2":null,"Data3":null,"Children":[],"Id":"9ea12c27-f945-47b4-bd10-3291bafd2763","TemplateId":"e2875038-19fc-47bf-7ca8-08d6689a7ec3","TemplateRevision":0,"LastEditTimeUtc":null,"SharedActionId":"","ShareTimeUtc":null,"CreateTimeUtc":"2018-12-29T00:03:10.0621041Z"},{"Row":3,"Col":2,"ActionType":7,"Title":"历史记录","Description":"历史记录","Icon":"https://deskpad.oss-cn-shanghai.aliyuncs.com/_icons/E634ED56C61B28A203CE77E8420D9FBF5872C4A2.png","Path":null,"DelayMs":0,"Data":"@CONTROL+VK_H","Data2":null,"Data3":null,"Children":[],"Id":"437ab2c3-cfc6-48c5-b5e8-b778a069bc49","TemplateId":"c5194383-7c74-424d-7ca7-08d6689a7ec3","TemplateRevision":0,"LastEditTimeUtc":null,"SharedActionId":"","ShareTimeUtc":null,"CreateTimeUtc":"2018-12-29T00:03:12.9984588Z"},{"Row":3,"Col":3,"ActionType":7,"Title":"打开主页","Description":"打开主页","Icon":"https://deskpad.oss-cn-shanghai.aliyuncs.com/_icons/BF73FEC5E316B965F751671BDA19A516AAB78115.png","Path":null,"DelayMs":0,"Data":"@MENU+HOME","Data2":null,"Data3":null,"Children":[],"Id":"689caf8c-f75c-4595-8e0f-6d51ad43ad4f","TemplateId":"c7a244d2-9d77-4210-7ca6-08d6689a7ec3","TemplateRevision":1,"LastEditTimeUtc":null,"SharedActionId":"","ShareTimeUtc":null,"CreateTimeUtc":"2018-12-29T00:03:17.2622355Z"},{"Row":0,"Col":0,"ActionType":2,"Title":"少数派","Description":"少数派 - 高效工作，品质生活","Icon":"https://deskpad.oss-cn-shanghai.aliyuncs.com/_icons/442B883EC5726D98CFD7701A0F1EBA25DD2736CE.png","Path":null,"DelayMs":0,"Data":"https://www.sspai.com","Data2":null,"Data3":null,"Children":[],"Id":"d81566b8-ad27-42d7-b343-46876adec7d4","TemplateId":"b51ec8a9-105d-4986-5e59-08d646b74e0d","TemplateRevision":0,"LastEditTimeUtc":null,"SharedActionId":"","ShareTimeUtc":null,"CreateTimeUtc":"2018-12-29T00:03:53.4184121Z"},{"Row":0,"Col":1,"ActionType":2,"Title":"哔哩哔哩","Description":"打开哔哩哔哩","Icon":"https://deskpad.oss-cn-shanghai.aliyuncs.com/_icons/E40B45C67D361182913250CE6D020EE7C7F7DB2D.png","Path":null,"DelayMs":0,"Data":"https://www.bilibili.com/","Data2":null,"Data3":null,"Children":[],"Id":"4e9230a0-b1e4-46e0-8b7a-b76764fa802b","TemplateId":"14433f7f-f145-41a9-1167-08d66427741c","TemplateRevision":0,"LastEditTimeUtc":null,"SharedActionId":"","ShareTimeUtc":null,"CreateTimeUtc":"2018-12-29T00:04:01.6208931Z"},{"Row":0,"Col":2,"ActionType":7,"Title":"恐龙彩蛋","Description":"打开恐龙彩蛋。 按空格开始","Icon":"https://deskpad.oss-cn-shanghai.aliyuncs.com/_icons/86F33BAB584216AA158F12773B16152095E0F161.png","Path":null,"DelayMs":0,"Data":"@+F6\n;50\n%chrome://dino/\n@+RETURN","Data2":null,"Data3":null,"Children":[],"Id":"4a1672cc-a47d-476d-89b4-a6877858551e","TemplateId":"ad9804cd-dcca-49b1-93ca-08d64cf149bb","TemplateRevision":1,"LastEditTimeUtc":null,"SharedActionId":"","ShareTimeUtc":null,"CreateTimeUtc":"2018-12-29T00:03:58.9569254Z"},{"Row":0,"Col":3,"ActionType":7,"Title":"新标签页","Description":null,"Icon":"https://deskpad.oss-cn-shanghai.aliyuncs.com/_icons/541981264EA653CD1BF93C72E8B663D7597354CA.png","Path":null,"DelayMs":0,"Data":"@ctrl+t","Data2":null,"Data3":null,"Children":[],"Id":"b464540f-f7a6-4d7a-b29c-444e09c75a9c","TemplateId":"2ab035ad-2346-4a89-8ecb-08d639a457d1","TemplateRevision":0,"LastEditTimeUtc":null,"SharedActionId":"","ShareTimeUtc":null,"CreateTimeUtc":"2018-12-29T00:05:13.6961155Z"},{"Row":2,"Col":0,"ActionType":21,"Title":"用APP模式打开","Description":"使用chrome的APP模式打开当前网址","Icon":"https://deskpad.oss-cn-shanghai.aliyuncs.com/_icons/B034DA83894C635FB321A6FF12790FBAF7427E09.png","Path":null,"DelayMs":0,"Data":"[{\"Row\":0,\"Col\":0,\"ActionType\":7,\"Title\":\"跳转到地址栏\",\"Description\":\"\",\"Icon\":\"https://deskpad.oss-cn-shanghai.aliyuncs.com/_system/sendkeys.png\",\"Path\":null,\"DelayMs\":0,\"Data\":\"@MENU+VK_D\",\"Data2\":null,\"Data3\":null,\"Children\":null,\"Id\":\"bef2c852-4666-43bc-b827-958194eb4d22\",\"TemplateId\":null,\"TemplateRevision\":0,\"LastEditTimeUtc\":null,\"SharedActionId\":null,\"ShareTimeUtc\":null,\"CreateTimeUtc\":null},{\"Row\":0,\"Col\":0,\"ActionType\":13,\"Title\":\"[系统]等待\",\"Description\":\"\",\"Icon\":\"https://deskpad.oss-cn-shanghai.aliyuncs.com/_system/sub_program.png\",\"Path\":null,\"DelayMs\":0,\"Data\":\"sys:delay\",\"Data2\":\"50\",\"Data3\":null,\"Children\":null,\"Id\":\"72a90d2f-1712-4fa9-ae83-6ce390d1a77c\",\"TemplateId\":null,\"TemplateRevision\":0,\"LastEditTimeUtc\":null,\"SharedActionId\":null,\"ShareTimeUtc\":null,\"CreateTimeUtc\":null},{\"Row\":0,\"Col\":0,\"ActionType\":13,\"Title\":\"[输入]获取选中文本\",\"Description\":\"\",\"Icon\":\"https://deskpad.oss-cn-shanghai.aliyuncs.com/_system/sub_program.png\",\"Path\":null,\"DelayMs\":0,\"Data\":\"sys:getSelectedText\",\"Data2\":\"\",\"Data3\":null,\"Children\":null,\"Id\":\"d91030d7-00e0-49ec-896b-c9607be47de4\",\"TemplateId\":null,\"TemplateRevision\":0,\"LastEditTimeUtc\":null,\"SharedActionId\":null,\"ShareTimeUtc\":null,\"CreateTimeUtc\":null},{\"Row\":0,\"Col\":0,\"ActionType\":11,\"Title\":\"用app模式打开\",\"Description\":\"\",\"Icon\":\"https://deskpad.oss-cn-shanghai.aliyuncs.com/_system/run_program.png\",\"Path\":null,\"DelayMs\":0,\"Data\":\"json:{\\\"FileName\\\":\\\"chrome\\\",\\\"Arguments\\\":\\\"--app={context} --start-maximized\\\",\\\"RunAsAdmin\\\":false,\\\"WaitForExit\\\":false}\",\"Data2\":\"\",\"Data3\":\"\",\"Children\":null,\"Id\":\"5ac9363d-8bea-4453-b641-b7828266e8cd\",\"TemplateId\":null,\"TemplateRevision\":0,\"LastEditTimeUtc\":null,\"SharedActionId\":null,\"ShareTimeUtc\":null,\"CreateTimeUtc\":null}]","Data2":null,"Data3":null,"Children":[],"Id":"1e06172a-8442-4cdb-bc55-8de16e3771cd","TemplateId":"6761c395-268e-4576-1085-08d668f4fa97","TemplateRevision":1,"LastEditTimeUtc":null,"SharedActionId":"","ShareTimeUtc":null,"CreateTimeUtc":"2018-12-29T00:05:22.2896651Z"},{"Row":2,"Col":1,"ActionType":7,"Title":"书签管理器","Description":"","Icon":"https://deskpad.oss-cn-shanghai.aliyuncs.com/_icons/A437CCD596DAC53A5CFFE6574B0B253AB9047F4C.png","Path":null,"DelayMs":0,"Data":"@LCONTROL,LSHIFT+VK_O","Data2":null,"Data3":null,"Children":null,"Id":"b12e5cc7-34b4-45be-82e2-6f1f159359c3","TemplateId":null,"TemplateRevision":0,"LastEditTimeUtc":"2018-12-29T01:01:32.5783019Z","SharedActionId":null,"ShareTimeUtc":null,"CreateTimeUtc":null}],"AliasOfProfile":null}