{"Name":"示例面板","FileVersionId":null,"DisplayName":"示例面板","Id":"f86d2f5e-3859-403d-b3b9-8639e12038bc","LastUpdateTimeUtc":"2019-01-14T23:43:40.4466667","ProfileType":3,"ExeFile":"","MatchFullPath":false,"ExeFullpath":"","ListOrder":0,"ActionItems":[{"Row":0,"Col":0,"ActionType":11,"Title":"Word","Description":"启动Word软件","Icon":"https://deskpad.oss-cn-shanghai.aliyuncs.com/_icons/A2BE7E3ABBBD40C7F762A6475CAE2D2A3F2E858A.png","Path":null,"DelayMs":0,"Data":"json:{\"FileName\":\"winword\",\"Arguments\":\"\",\"RunAsAdmin\":false,\"WaitForExit\":false}","Data2":"","Data3":"","Children":[],"Id":"6439a92a-00e5-4cf2-b51d-8e0a451fcd72","TemplateId":"95b616e6-ca87-4af2-0e61-08d63ad7ea1e","TemplateRevision":0,"LastEditTimeUtc":null,"SharedActionId":null,"ShareTimeUtc":null,"CreateTimeUtc":null},{"Row":0,"Col":1,"ActionType":11,"Title":"Excel","Description":"启动Excel软件","Icon":"https://deskpad.oss-cn-shanghai.aliyuncs.com/_icons/54998A9EEE6FD92F7AA58E703022D667AB9DCDAD.png","Path":null,"DelayMs":0,"Data":"json:{\"FileName\":\"excel\",\"Arguments\":\"\",\"RunAsAdmin\":false,\"WaitForExit\":false}","Data2":"","Data3":"","Children":[],"Id":"02eac53e-5e05-4425-8208-caa8110662be","TemplateId":"1cbbcbb5-c9d3-45a8-0e62-08d63ad7ea1e","TemplateRevision":0,"LastEditTimeUtc":null,"SharedActionId":null,"ShareTimeUtc":null,"CreateTimeUtc":null},{"Row":1,"Col":0,"ActionType":11,"Title":"卸载软件","Description":"打开控制面板卸载软件窗口","Icon":"https://deskpad.oss-cn-shanghai.aliyuncs.com/_icons/8BAC3E71105FCBB43D060D4515F17E18969E3272.png","Path":null,"DelayMs":0,"Data":"json:{\"FileName\":\"appwiz.cpl\",\"Arguments\":\"\",\"RunAsAdmin\":false,\"WaitForExit\":false}","Data2":"","Data3":"","Children":[],"Id":"8e3c7dbf-9f0a-4edc-b841-239337d5e676","TemplateId":"4b1db572-44df-44f0-0e5e-08d63ad7ea1e","TemplateRevision":0,"LastEditTimeUtc":null,"SharedActionId":"","ShareTimeUtc":null,"CreateTimeUtc":"2018-12-28T23:44:35.1214523Z"},{"Row":1,"Col":1,"ActionType":11,"Title":"计算机管理","Description":null,"Icon":"https://deskpad.oss-cn-shanghai.aliyuncs.com/_icons/84084D956B60DC54ACF244035C7440FD3C2ED85B.png","Path":null,"DelayMs":0,"Data":"compmgmt.msc","Data2":"","Data3":"","Children":[],"Id":"ab82b9dc-77e4-4e8f-9024-f05fda40b4ed","TemplateId":"88824b8e-9736-45d7-8ee0-08d639a457d1","TemplateRevision":0,"LastEditTimeUtc":null,"SharedActionId":"","ShareTimeUtc":null,"CreateTimeUtc":"2018-12-28T23:44:43.9466151Z"},{"Row":1,"Col":2,"ActionType":11,"Title":"服务","Description":null,"Icon":"https://deskpad.oss-cn-shanghai.aliyuncs.com/_icons/7251E60D9A7DA08A8FA22EFFE72C9D8BF0178327.png","Path":null,"DelayMs":0,"Data":"services.msc","Data2":"","Data3":"","Children":[],"Id":"8d33434c-cab4-41b7-b5c8-95454c31e5c8","TemplateId":"10e7cc45-5102-489f-8edd-08d639a457d1","TemplateRevision":0,"LastEditTimeUtc":null,"SharedActionId":"","ShareTimeUtc":null,"CreateTimeUtc":"2018-12-28T23:44:49.7477897Z"},{"Row":1,"Col":3,"ActionType":24,"Title":"N 秒后关机","Description":"N秒后自动关机","Icon":"https://deskpad.oss-cn-shanghai.aliyuncs.com/_icons/D83E62F5379C4EFF7BB9581C8B4E9187CF984E81.png","Path":null,"DelayMs":0,"Data":"{\"Variables\":[{\"Key\":\"context\",\"Type\":0,\"Desc\":\"默认的文本变量\",\"DefaultValue\":\"\"},{\"Key\":\"img\",\"Type\":3,\"Desc\":\"默认的图片变量\",\"DefaultValue\":\"\"},{\"Key\":\"second\",\"Type\":1,\"Desc\":\"秒数\",\"DefaultValue\":\"\"}],\"Steps\":[{\"StepRunnerKey\":\"sys:userInput\",\"StepType\":0,\"InputParams\":{\"prompt\":{\"VarKey\":null,\"Value\":\"多少秒后您将关机？\"},\"type\":{\"VarKey\":null,\"Value\":\"number\"},\"defaultValue\":{\"VarKey\":null,\"Value\":\"300\"},\"pattern\":{\"VarKey\":null,\"Value\":\"\"}},\"OutputParams\":{\"textValue\":null,\"numberValue\":\"second\"},\"IfSteps\":null,\"ElseSteps\":null},{\"StepRunnerKey\":\"sys:keyInput\",\"StepType\":3,\"InputParams\":{\"keys\":{\"VarKey\":null,\"Value\":\"{\\\"CtrlKeys\\\":[92],\\\"Keys\\\":[82]}\"}},\"OutputParams\":{},\"IfSteps\":null,\"ElseSteps\":null},{\"StepRunnerKey\":\"sys:outputText\",\"StepType\":0,\"InputParams\":{\"content\":{\"VarKey\":null,\"Value\":\"shutdown -s -t \"},\"method\":{\"VarKey\":null,\"Value\":\"paste\"}},\"OutputParams\":{},\"IfSteps\":null,\"ElseSteps\":null},{\"StepRunnerKey\":\"sys:outputText\",\"StepType\":0,\"InputParams\":{\"content\":{\"VarKey\":\"second\",\"Value\":null},\"method\":{\"VarKey\":null,\"Value\":\"paste\"}},\"OutputParams\":{},\"IfSteps\":null,\"ElseSteps\":null},{\"StepRunnerKey\":\"sys:keyInput\",\"StepType\":3,\"InputParams\":{\"keys\":{\"VarKey\":null,\"Value\":\"{\\\"CtrlKeys\\\":[],\\\"Keys\\\":[13]}\"}},\"OutputParams\":{},\"IfSteps\":null,\"ElseSteps\":null}]}","Data2":null,"Data3":null,"Children":[],"Id":"15eec050-61b8-4456-8d58-6ab790e023dc","TemplateId":"6aaefd58-4050-4e22-a6f9-08d66300089f","TemplateRevision":2,"LastEditTimeUtc":null,"SharedActionId":"","ShareTimeUtc":null,"CreateTimeUtc":"2018-12-28T23:56:52.0024992Z"}],"AliasOfProfile":null}