{"Name":"_default","FileVersionId":null,"DisplayName":"默认","Id":"19a1b737-6c2e-4222-9d9e-2864c12e928b","LastUpdateTimeUtc":"2019-02-21T04:33:11.4007008","ProfileType":1,"ExeFile":"","MatchFullPath":false,"ExeFullpath":null,"ListOrder":0,"ActionItems":[{"Row":0,"Col":0,"ActionType":2,"Title":"视频简介","Description":"","Icon":"https://deskpad.oss-cn-shanghai.aliyuncs.com/_icons/2673E761E5C8E22AC33A4CA145017AD631E080FC.png","Path":null,"DelayMs":0,"Data":"https://v.qq.com/x/page/r0750h3sqtf.html","Data2":null,"Data3":null,"Children":null,"Id":"427696a4-34a3-4134-9ee3-bdc22e54a66d","TemplateId":null,"TemplateRevision":0,"LastEditTimeUtc":null,"SharedActionId":null,"ShareTimeUtc":null,"CreateTimeUtc":null},{"Row":3,"Col":2,"ActionType":21,"Title":"英文-中文","Description":"使用谷歌翻译将英文翻译为中文","Icon":"https://deskpad.oss-cn-shanghai.aliyuncs.com/_icons/3CCB4A33D641394CEA5DCDB93EEBADE45B9FA402.png","Path":null,"DelayMs":0,"Data":"[{\"Row\":0,\"Col\":0,\"ActionType\":13,\"Title\":\"[输入]获取选中文本\",\"Description\":\"\",\"Icon\":\"https://deskpad.oss-cn-shanghai.aliyuncs.com/_system/sub_program.png\",\"Path\":null,\"DelayMs\":0,\"Data\":\"sys:getSelectedText\",\"Data2\":\"\",\"Data3\":null,\"Children\":null,\"Id\":\"982aae06-5b0e-48a7-9234-5544315d74a0\",\"TemplateId\":null},{\"Row\":0,\"Col\":0,\"ActionType\":13,\"Title\":\"[处理]组合词拆分成句子\",\"Description\":\"\",\"Icon\":\"https://deskpad.oss-cn-shanghai.aliyuncs.com/_system/sub_program.png\",\"Path\":null,\"DelayMs\":0,\"Data\":\"sys:intercappedToSentence\",\"Data2\":\"\",\"Data3\":null,\"Children\":null,\"Id\":\"fd461e0a-0777-4d4b-844b-671a5f6f5f21\",\"TemplateId\":null},{\"Row\":0,\"Col\":0,\"ActionType\":2,\"Title\":\"谷歌翻译\",\"Description\":\"\",\"Icon\":\"https://deskpad.oss-cn-shanghai.aliyuncs.com/_system/website.png\",\"Path\":null,\"DelayMs\":0,\"Data\":\"https://translate.google.cn/#auto/zh-CN/{context}\",\"Data2\":null,\"Data3\":null,\"Children\":null,\"Id\":\"9cb23c0d-a637-4c2c-abcb-7a41c3d0d2cd\",\"TemplateId\":null}]","Data2":null,"Data3":null,"Children":[],"Id":"fb69ac90-82bb-4e77-982e-8004c331e6f8","TemplateId":"3433bd81-a87c-4f94-8ef9-08d639a457d1","TemplateRevision":0,"LastEditTimeUtc":null,"SharedActionId":null,"ShareTimeUtc":null,"CreateTimeUtc":null},{"Row":0,"Col":3,"ActionType":11,"Title":"Excel","Description":"启动Excel软件","Icon":"https://deskpad.oss-cn-shanghai.aliyuncs.com/_icons/54998A9EEE6FD92F7AA58E703022D667AB9DCDAD.png","Path":null,"DelayMs":0,"Data":"json:{\"FileName\":\"excel\",\"Arguments\":\"\",\"RunAsAdmin\":false,\"WaitForExit\":false}","Data2":"","Data3":"","Children":[],"Id":"3d1fe0f8-34a7-4577-aa0a-02d9c0db4f82","TemplateId":"1cbbcbb5-c9d3-45a8-0e62-08d63ad7ea1e","TemplateRevision":0,"LastEditTimeUtc":null,"SharedActionId":null,"ShareTimeUtc":null,"CreateTimeUtc":null},{"Row":1,"Col":0,"ActionType":15,"Title":"上帝模式","Description":"功能用途如其名","Icon":"https://deskpad.oss-cn-shanghai.aliyuncs.com/_icons/ED04AF1BAEC2E9070537CC8239C852DB82185E29.png","Path":null,"DelayMs":0,"Data":"{\"Script\":\"@echo off\\r\\nexplorer shell:::{ED7BA470-8E54-465E-825C-99712043E01C}\",\"Type\":\"BAT\",\"Ext\":\".bat\",\"RunAsAdmin\":false,\"WaitForExit\":true}","Data2":"","Data3":"","Children":[],"Id":"03fcd769-6ea4-46dd-896b-3bb8f88ea59c","TemplateId":"ce9b7e99-1f36-42bc-725e-08d6600c7926","TemplateRevision":2,"LastEditTimeUtc":null,"SharedActionId":"","ShareTimeUtc":null,"CreateTimeUtc":"2018-12-28T23:44:07.1285582Z"},{"Row":2,"Col":3,"ActionType":21,"Title":"生成二维码","Description":"将选中的文字生成二维码","Icon":"https://deskpad.oss-cn-shanghai.aliyuncs.com/_icons/2C4315CB6BA3EA3B193ACD2EE3CADDF911134866.png","Path":null,"DelayMs":0,"Data":"[{\"Row\":0,\"Col\":0,\"ActionType\":13,\"Title\":\"[输入]获取选中文本\",\"Description\":\"\",\"Icon\":\"https://deskpad.oss-cn-shanghai.aliyuncs.com/_system/sub_program.png\",\"Path\":null,\"DelayMs\":0,\"Data\":\"sys:getSelectedText\",\"Data2\":\"\",\"Data3\":null,\"Children\":null,\"Id\":\"64aab487-47b9-4c4b-a2c0-f06290493729\",\"TemplateId\":null},{\"Row\":0,\"Col\":0,\"ActionType\":13,\"Title\":\"[处理]生成二维码图片\",\"Description\":\"\",\"Icon\":\"https://deskpad.oss-cn-shanghai.aliyuncs.com/_system/sub_program.png\",\"Path\":null,\"DelayMs\":0,\"Data\":\"sys:createQrcodeImage\",\"Data2\":\"\",\"Data3\":null,\"Children\":null,\"Id\":\"9fb8119a-5277-4e53-a630-7006163b4598\",\"TemplateId\":null},{\"Row\":0,\"Col\":0,\"ActionType\":13,\"Title\":\"[输出]将图片写入剪贴板\",\"Description\":\"\",\"Icon\":\"https://deskpad.oss-cn-shanghai.aliyuncs.com/_system/sub_program.png\",\"Path\":null,\"DelayMs\":0,\"Data\":\"sys:writeImage2Clipboard\",\"Data2\":\"\",\"Data3\":null,\"Children\":null,\"Id\":\"7ef1d461-3cb1-4e74-93b8-6113883bde19\",\"TemplateId\":null},{\"Row\":0,\"Col\":0,\"ActionType\":13,\"Title\":\"[输出]将图片写入临时文件\",\"Description\":\"\",\"Icon\":\"https://deskpad.oss-cn-shanghai.aliyuncs.com/_system/sub_program.png\",\"Path\":null,\"DelayMs\":0,\"Data\":\"sys:writeImage2TempFile\",\"Data2\":\"\",\"Data3\":null,\"Children\":null,\"Id\":\"7d079cdc-7297-41b9-a190-90b27521e4e1\",\"TemplateId\":null},{\"Row\":0,\"Col\":0,\"ActionType\":11,\"Title\":\"用画图打开\",\"Description\":\"\",\"Icon\":\"https://deskpad.oss-cn-shanghai.aliyuncs.com/_system/run_program.png\",\"Path\":null,\"DelayMs\":0,\"Data\":\"json:{\\\"FileName\\\":\\\"mspaint\\\",\\\"Arguments\\\":\\\"{context}\\\",\\\"RunAsAdmin\\\":false,\\\"WaitForExit\\\":false}\",\"Data2\":\"\",\"Data3\":\"\",\"Children\":null,\"Id\":\"02daf2a6-18a4-43b0-9af4-262f6170921c\",\"TemplateId\":null}]","Data2":null,"Data3":null,"Children":[],"Id":"b08651af-84a9-4bde-9eb4-f1de50148bed","TemplateId":"e014d2c9-265a-4908-07a4-08d63e0d9be7","TemplateRevision":0,"LastEditTimeUtc":null,"SharedActionId":"","ShareTimeUtc":null,"CreateTimeUtc":"2018-12-28T23:45:34.8993317Z"},{"Row":1,"Col":2,"ActionType":7,"Title":"显示桌面","Description":"Win + D","Icon":"https://deskpad.oss-cn-shanghai.aliyuncs.com/_icons/5D7CF4E53AD0049EA3798B531238169F27A715F8.png","Path":null,"DelayMs":0,"Data":"@win+d","Data2":null,"Data3":null,"Children":[],"Id":"73fc9263-679d-4973-9dba-c5efba291284","TemplateId":"4fdfdcec-3d4d-4bb7-8ec8-08d639a457d1","TemplateRevision":0,"LastEditTimeUtc":null,"SharedActionId":"","ShareTimeUtc":null,"CreateTimeUtc":"2018-12-28T23:47:06.6946981Z"},{"Row":1,"Col":3,"ActionType":21,"Title":"命令行","Description":"在当前位置打开命令行窗口；需要在桌面或资源管理器中操作。","Icon":"https://deskpad.oss-cn-shanghai.aliyuncs.com/_icons/45ECEB161E72CAE8A97AD7DB2A4FB727A7250797.png","Path":null,"DelayMs":0,"Data":"[{\"Row\":0,\"Col\":0,\"ActionType\":13,\"Title\":\"[输入]获取当前路径\",\"Description\":\"\",\"Icon\":\"https://deskpad.oss-cn-shanghai.aliyuncs.com/_system/sub_program.png\",\"Path\":null,\"DelayMs\":0,\"Data\":\"sys:getExplorerPath\",\"Data2\":\"\",\"Data3\":null,\"Children\":null,\"Id\":\"4bd0712f-d94d-4fe1-b9ef-56cedc39ded3\",\"TemplateId\":null,\"Repeat\":1},{\"Row\":0,\"Col\":0,\"ActionType\":11,\"Title\":\"打开cmd窗口并进入目录\",\"Description\":\"\",\"Icon\":\"https://deskpad.oss-cn-shanghai.aliyuncs.com/_system/run_program.png\",\"Path\":null,\"DelayMs\":0,\"Data\":\"json:{\\\"FileName\\\":\\\"cmd.exe\\\",\\\"Arguments\\\":\\\"/K \\\\\\\"cd /D {context}\\\\\\\"\\\",\\\"RunAsAdmin\\\":false,\\\"WaitForExit\\\":false}\",\"Data2\":\"\",\"Data3\":\"\",\"Children\":null,\"Id\":\"775190e7-0523-457f-a3f3-ec2962c302da\",\"TemplateId\":null,\"Repeat\":1}]","Data2":null,"Data3":null,"Children":[],"Id":"7904db7d-0757-4ccd-8b50-c9f5ba16e101","TemplateId":"53c053b5-436d-44fa-c752-08d64169ad2f","TemplateRevision":0,"LastEditTimeUtc":null,"SharedActionId":"","ShareTimeUtc":null,"CreateTimeUtc":"2018-12-28T23:47:23.7385671Z"},{"Row":0,"Col":1,"ActionType":2,"Title":"共享库","Description":"Quicker共享中心","Icon":"https://deskpad.oss-cn-shanghai.aliyuncs.com/_icons/D3A06F2FE259A8B01E7AB69FB9592FD761FF2F17.png","Path":null,"DelayMs":0,"Data":"https://getquicker.net/Share","Data2":null,"Data3":null,"Children":null,"Id":"19c37644-28cb-474f-acd4-b07fb9b3b252","TemplateId":null,"TemplateRevision":0,"LastEditTimeUtc":null,"SharedActionId":null,"ShareTimeUtc":null,"CreateTimeUtc":null},{"Row":2,"Col":2,"ActionType":21,"Title":"识别二维码","Description":"识别剪贴板中的二维码图片","Icon":"https://deskpad.oss-cn-shanghai.aliyuncs.com/_icons/485B6D296A37ED8DE9C44ED61C9F851B72BC6AAD.png","Path":null,"DelayMs":0,"Data":"[{\"Row\":0,\"Col\":0,\"ActionType\":7,\"Title\":\"Win10截图\",\"Description\":\"\",\"Icon\":\"https://deskpad.oss-cn-shanghai.aliyuncs.com/_system/sendkeys.png\",\"Path\":null,\"DelayMs\":0,\"Data\":\"@SHIFT,LWIN+VK_S\\n;30\",\"Data2\":null,\"Data3\":null,\"Children\":null,\"Id\":\"edfb449f-8edf-475b-b46c-7bab8480535e\",\"TemplateId\":null},{\"Row\":0,\"Col\":0,\"ActionType\":13,\"Title\":\"[系统]等待剪贴板内容改变\",\"Description\":\"\",\"Icon\":\"https://deskpad.oss-cn-shanghai.aliyuncs.com/_system/sub_program.png\",\"Path\":null,\"DelayMs\":0,\"Data\":\"sys:waitClipboardChange\",\"Data2\":\"7\",\"Data3\":null,\"Children\":null,\"Id\":\"59dc91f1-13c7-4187-99d9-39a26f9bda69\",\"TemplateId\":null},{\"Row\":0,\"Col\":0,\"ActionType\":13,\"Title\":\"[输入]获取剪贴板图片\",\"Description\":\"\",\"Icon\":\"https://deskpad.oss-cn-shanghai.aliyuncs.com/_system/sub_program.png\",\"Path\":null,\"DelayMs\":0,\"Data\":\"sys:getClipboardImage\",\"Data2\":\"\",\"Data3\":null,\"Children\":null,\"Id\":\"61ee29e5-a76d-40af-abd8-f8b5d7fb17ca\",\"TemplateId\":null},{\"Row\":0,\"Col\":0,\"ActionType\":13,\"Title\":\"[处理]识别图片中的二维码\",\"Description\":\"\",\"Icon\":\"https://deskpad.oss-cn-shanghai.aliyuncs.com/_system/sub_program.png\",\"Path\":null,\"DelayMs\":0,\"Data\":\"sys:readQrCode\",\"Data2\":\"\",\"Data3\":null,\"Children\":null,\"Id\":\"1d7e7338-b605-4d31-bbe7-1ad906f73db4\",\"TemplateId\":null},{\"Row\":0,\"Col\":0,\"ActionType\":13,\"Title\":\"[输出]将文本存入剪贴板\",\"Description\":\"\",\"Icon\":\"https://deskpad.oss-cn-shanghai.aliyuncs.com/_system/sub_program.png\",\"Path\":null,\"DelayMs\":0,\"Data\":\"sys:writeText2Clipboard\",\"Data2\":\"\",\"Data3\":null,\"Children\":null,\"Id\":\"f0d0fd60-8472-46d4-8b16-c1ae4e0c6758\",\"TemplateId\":null},{\"Row\":0,\"Col\":0,\"ActionType\":13,\"Title\":\"[输出]弹窗显示\",\"Description\":\"\",\"Icon\":\"https://deskpad.oss-cn-shanghai.aliyuncs.com/_system/sub_program.png\",\"Path\":null,\"DelayMs\":0,\"Data\":\"sys:showMessage\",\"Data2\":\"\",\"Data3\":null,\"Children\":null,\"Id\":\"957f8b6c-7f89-405b-80e5-37d72f29a6d4\",\"TemplateId\":null},{\"Row\":0,\"Col\":0,\"ActionType\":11,\"Title\":\"打开二维码网址\",\"Description\":\"\",\"Icon\":\"https://deskpad.oss-cn-shanghai.aliyuncs.com/_system/run_program.png\",\"Path\":null,\"DelayMs\":0,\"Data\":\"json:{\\\"FileName\\\":\\\"{context}\\\",\\\"Arguments\\\":\\\"\\\",\\\"RunAsAdmin\\\":false,\\\"WaitForExit\\\":false}\",\"Data2\":\"\",\"Data3\":\"\",\"Children\":null,\"Id\":\"2cffa947-2b9b-46f9-b727-79b39a912148\",\"TemplateId\":null}]","Data2":null,"Data3":null,"Children":[],"Id":"e2368884-ec1b-4809-be30-b05b5c7af170","TemplateId":"cffda844-e274-4f6f-8f05-08d639a457d1","TemplateRevision":0,"LastEditTimeUtc":null,"SharedActionId":"","ShareTimeUtc":null,"CreateTimeUtc":"2018-12-28T23:45:56.5421019Z"},{"Row":3,"Col":3,"ActionType":21,"Title":"网盘快搜","Description":"多引擎搜索百度云资源","Icon":"https://deskpad.oss-cn-shanghai.aliyuncs.com/_icons/8DBB429F773275CE4A8920390BCBE30635F781DA.png","Path":null,"DelayMs":0,"Data":"[{\"Row\":0,\"Col\":0,\"ActionType\":13,\"Title\":\"[输入]获取选中文本\",\"Description\":\"\",\"Icon\":\"https://deskpad.oss-cn-shanghai.aliyuncs.com/_system/sub_program.png\",\"Path\":null,\"DelayMs\":0,\"Data\":\"sys:getSelectedText\",\"Data2\":\"\",\"Data3\":null,\"Children\":null,\"Id\":\"9dcb2410-3115-49cd-a162-51cd2f7f22e6\",\"TemplateId\":null,\"TemplateRevision\":0,\"LastEditTimeUtc\":null,\"SharedActionId\":null,\"ShareTimeUtc\":null,\"CreateTimeUtc\":null},{\"Row\":0,\"Col\":0,\"ActionType\":2,\"Title\":\"百度云盘搜索\",\"Description\":\"一键云盘搜索选中内容\",\"Icon\":\"https://deskpad.oss-cn-shanghai.aliyuncs.com/_icons/79CC76AC007B220FA2186168198A6D9A0DA63591.png\",\"Path\":null,\"DelayMs\":0,\"Data\":\"https://www.aisouziyuan.com/?name={context}&page=1\",\"Data2\":null,\"Data3\":null,\"Children\":null,\"Id\":\"a5dde8ba-272c-416e-b563-b6369ecaf462\",\"TemplateId\":null,\"TemplateRevision\":0,\"LastEditTimeUtc\":null,\"SharedActionId\":null,\"ShareTimeUtc\":null,\"CreateTimeUtc\":null},{\"Row\":0,\"Col\":0,\"ActionType\":2,\"Title\":\"云盘精灵搜索\\r\\n\",\"Description\":\"\",\"Icon\":\"https://deskpad.oss-cn-shanghai.aliyuncs.com/_icons/3B024F2AEC1D5CCFEE978389881BA7D0AAD819E8.png\",\"Path\":null,\"DelayMs\":0,\"Data\":\"https://www.yunpanjingling.com/search/{context}?filter_search=range\",\"Data2\":null,\"Data3\":null,\"Children\":null,\"Id\":\"a0ed4009-ca63-4cc0-891a-e38fb34a3316\",\"TemplateId\":null,\"TemplateRevision\":0,\"LastEditTimeUtc\":null,\"SharedActionId\":null,\"ShareTimeUtc\":null,\"CreateTimeUtc\":null},{\"Row\":0,\"Col\":0,\"ActionType\":2,\"Title\":\"鸵鸟快搜\",\"Description\":\"\",\"Icon\":\"https://deskpad.oss-cn-shanghai.aliyuncs.com/_system/website.png\",\"Path\":null,\"DelayMs\":0,\"Data\":\"http://www.tuoniao.me/search/{context}/list\",\"Data2\":null,\"Data3\":null,\"Children\":null,\"Id\":\"eecbd9ef-c8a1-47d9-853e-c81a62f1e58b\",\"TemplateId\":null,\"TemplateRevision\":0,\"LastEditTimeUtc\":null,\"SharedActionId\":null,\"ShareTimeUtc\":null,\"CreateTimeUtc\":null}]","Data2":null,"Data3":null,"Children":[],"Id":"c81772c3-129d-4c3c-8a3e-1ca1f02de584","TemplateId":"8ed4c2dd-538e-4355-f3dc-08d659b4f1db","TemplateRevision":1,"LastEditTimeUtc":null,"SharedActionId":"","ShareTimeUtc":null,"CreateTimeUtc":"2018-12-28T23:45:22.5290193Z"},{"Row":1,"Col":3,"ActionType":24,"Title":"添加到记事本","Description":"打开记事本或选择文字添加到记事本","Icon":"https://deskpad.oss-cn-shanghai.aliyuncs.com/_icons/A42F712D647D880CCAFD6D046D9DECCEFDCEBAE5.png","Path":null,"DelayMs":0,"Data":"{\"Variables\":[{\"Key\":\"context\",\"Type\":0,\"Desc\":\"默认的文本变量\",\"DefaultValue\":\"\"},{\"Key\":\"img\",\"Type\":3,\"Desc\":\"默认的图片变量\",\"DefaultValue\":\"\"},{\"Key\":\"bool1\",\"Type\":2,\"Desc\":\"\",\"DefaultValue\":\"\"},{\"Key\":\"time\",\"Type\":6,\"Desc\":\"\",\"DefaultValue\":\"\"},{\"Key\":\"选中文本是否成功\",\"Type\":2,\"Desc\":\"\",\"DefaultValue\":\"\"}],\"Steps\":[{\"StepRunnerKey\":\"sys:getSelectedText\",\"StepType\":0,\"InputParams\":{\"format\":{\"VarKey\":null,\"Value\":\"UnicodeText\"},\"stopIfFail\":{\"VarKey\":null,\"Value\":\"0\"}},\"OutputParams\":{\"output\":\"context\",\"isSuccess\":\"选中文本是否成功\"},\"IfSteps\":null,\"ElseSteps\":null,\"Note\":null},{\"StepRunnerKey\":\"sys:stringProcess\",\"StepType\":0,\"InputParams\":{\"data\":{\"VarKey\":\"context\",\"Value\":null},\"method\":{\"VarKey\":null,\"Value\":\"trim\"}},\"OutputParams\":{\"output\":\"context\"},\"IfSteps\":null,\"ElseSteps\":null,\"Note\":null},{\"StepRunnerKey\":\"sys:checkProcessExists\",\"StepType\":0,\"InputParams\":{\"process\":{\"VarKey\":null,\"Value\":\"notepad\"}},\"OutputParams\":{\"isExists\":\"bool1\"},\"IfSteps\":null,\"ElseSteps\":null,\"Note\":null},{\"StepRunnerKey\":\"sys:if\",\"StepType\":1,\"InputParams\":{\"condition\":{\"VarKey\":\"bool1\",\"Value\":null}},\"OutputParams\":{},\"IfSteps\":[{\"StepRunnerKey\":\"sys:activateProcessMainWindow\",\"StepType\":0,\"InputParams\":{\"process\":{\"VarKey\":null,\"Value\":\"notepad\"}},\"OutputParams\":{\"isSuccess\":null},\"IfSteps\":null,\"ElseSteps\":null,\"Note\":null}],\"ElseSteps\":[{\"StepRunnerKey\":\"sys:run\",\"StepType\":0,\"InputParams\":{\"path\":{\"VarKey\":null,\"Value\":\"notepad\"},\"arg\":{\"VarKey\":null,\"Value\":\"\"},\"runas\":{\"VarKey\":null,\"Value\":\"0\"},\"waitExit\":{\"VarKey\":null,\"Value\":\"0\"}},\"OutputParams\":{},\"IfSteps\":null,\"ElseSteps\":null,\"Note\":null}],\"Note\":null},{\"StepRunnerKey\":\"sys:if\",\"StepType\":1,\"InputParams\":{\"condition\":{\"VarKey\":\"选中文本是否成功\",\"Value\":null}},\"OutputParams\":{},\"IfSteps\":[{\"StepRunnerKey\":\"sys:getCurrentTime\",\"StepType\":0,\"InputParams\":{\"useUtc\":{\"VarKey\":null,\"Value\":\"0\"}},\"OutputParams\":{\"output\":\"time\"},\"IfSteps\":null,\"ElseSteps\":null,\"Note\":null},{\"StepRunnerKey\":\"sys:delay\",\"StepType\":0,\"InputParams\":{\"delayMs\":{\"VarKey\":null,\"Value\":\"100\"}},\"OutputParams\":{},\"IfSteps\":null,\"ElseSteps\":null,\"Note\":null},{\"StepRunnerKey\":\"sys:outputText\",\"StepType\":0,\"InputParams\":{\"content\":{\"VarKey\":\"time\",\"Value\":null},\"method\":{\"VarKey\":null,\"Value\":\"paste\"}},\"OutputParams\":{},\"IfSteps\":null,\"ElseSteps\":null,\"Note\":null},{\"StepRunnerKey\":\"sys:delay\",\"StepType\":0,\"InputParams\":{\"delayMs\":{\"VarKey\":null,\"Value\":\"100\"}},\"OutputParams\":{},\"IfSteps\":null,\"ElseSteps\":null,\"Note\":null},{\"StepRunnerKey\":\"sys:keyInput\",\"StepType\":3,\"InputParams\":{\"keys\":{\"VarKey\":null,\"Value\":\"{\\\"CtrlKeys\\\":[],\\\"Keys\\\":[13]}\"}},\"OutputParams\":{},\"IfSteps\":null,\"ElseSteps\":null,\"Note\":null},{\"StepRunnerKey\":\"sys:delay\",\"StepType\":0,\"InputParams\":{\"delayMs\":{\"VarKey\":null,\"Value\":\"100\"}},\"OutputParams\":{},\"IfSteps\":null,\"ElseSteps\":null,\"Note\":null},{\"StepRunnerKey\":\"sys:outputText\",\"StepType\":0,\"InputParams\":{\"content\":{\"VarKey\":\"context\",\"Value\":null},\"method\":{\"VarKey\":null,\"Value\":\"paste\"}},\"OutputParams\":{},\"IfSteps\":null,\"ElseSteps\":null,\"Note\":null},{\"StepRunnerKey\":\"sys:delay\",\"StepType\":0,\"InputParams\":{\"delayMs\":{\"VarKey\":null,\"Value\":\"100\"}},\"OutputParams\":{},\"IfSteps\":null,\"ElseSteps\":null,\"Note\":null},{\"StepRunnerKey\":\"sys:keyInput\",\"StepType\":3,\"InputParams\":{\"keys\":{\"VarKey\":null,\"Value\":\"{\\\"CtrlKeys\\\":[],\\\"Keys\\\":[13]}\"}},\"OutputParams\":{},\"IfSteps\":null,\"ElseSteps\":null,\"Note\":null}],\"ElseSteps\":[],\"Note\":null}]}","Data2":null,"Data3":null,"Children":[],"Id":"372a3c03-5a37-403c-8b38-088b37ea0481","TemplateId":"25ebd394-b738-45e8-ac1e-08d667f14f11","TemplateRevision":1,"LastEditTimeUtc":null,"SharedActionId":"","ShareTimeUtc":null,"CreateTimeUtc":"2018-12-28T23:51:43.7048328Z"},{"Row":0,"Col":2,"ActionType":11,"Title":"我的电脑","Description":null,"Icon":"https://deskpad.oss-cn-shanghai.aliyuncs.com/_icons/BA8D9036EDACB89755C8587C179AFD89088F2F16.png","Path":null,"DelayMs":0,"Data":"json:{\"FileName\":\"explorer.exe\",\"Arguments\":\"::{20D04FE0-3AEA-1069-A2D8-08002B30309D}\",\"RunAsAdmin\":false,\"WaitForExit\":false}","Data2":"","Data3":"","Children":[],"Id":"c61f5ed1-4852-41f5-b590-32ca7ec743b3","TemplateId":"2a98fd68-6628-4ca5-8edb-08d639a457d1","TemplateRevision":0,"LastEditTimeUtc":null,"SharedActionId":"","ShareTimeUtc":null,"CreateTimeUtc":"2018-12-28T23:56:05.0684038Z"},{"Row":1,"Col":0,"ActionType":15,"Title":"上帝模式","Description":"功能用途如其名","Icon":"https://deskpad.oss-cn-shanghai.aliyuncs.com/_icons/ED04AF1BAEC2E9070537CC8239C852DB82185E29.png","Path":null,"DelayMs":0,"Data":"{\"Script\":\"@echo off\\r\\nexplorer shell:::{ED7BA470-8E54-465E-825C-99712043E01C}\",\"Type\":\"BAT\",\"Ext\":\".bat\",\"RunAsAdmin\":false,\"WaitForExit\":true}","Data2":"","Data3":"","Children":[],"Id":"3af32e34-827d-4284-a899-8dda2ab5a39b","TemplateId":"ce9b7e99-1f36-42bc-725e-08d6600c7926","TemplateRevision":2,"LastEditTimeUtc":null,"SharedActionId":"","ShareTimeUtc":null,"CreateTimeUtc":"2018-12-28T23:44:07.1285582Z"},{"Row":2,"Col":1,"ActionType":21,"Title":"运行选中文字","Description":"选中命令、文件名后，执行","Icon":"https://deskpad.oss-cn-shanghai.aliyuncs.com/_system/composite.png","Path":null,"DelayMs":0,"Data":"[{\"Row\":0,\"Col\":0,\"ActionType\":13,\"Title\":\"[输入]获取选中文本\",\"Description\":\"\",\"Icon\":\"https://deskpad.oss-cn-shanghai.aliyuncs.com/_system/sub_program.png\",\"Path\":null,\"DelayMs\":0,\"Data\":\"sys:getSelectedText\",\"Data2\":\"\",\"Data3\":null,\"Children\":null,\"Id\":\"256a5045-459e-4c20-9700-fd09ad1f8e6d\",\"TemplateId\":null},{\"Row\":0,\"Col\":0,\"ActionType\":13,\"Title\":\"[处理]去除首尾空白字符\",\"Description\":\"\",\"Icon\":\"https://deskpad.oss-cn-shanghai.aliyuncs.com/_system/sub_program.png\",\"Path\":null,\"DelayMs\":0,\"Data\":\"sys:trimString\",\"Data2\":\"\",\"Data3\":null,\"Children\":null,\"Id\":\"f59b3d0a-7363-459b-aecf-a26e77b92449\",\"TemplateId\":null},{\"Row\":0,\"Col\":0,\"ActionType\":11,\"Title\":\"运行\",\"Description\":\"\",\"Icon\":\"https://deskpad.oss-cn-shanghai.aliyuncs.com/_system/run_program.png\",\"Path\":null,\"DelayMs\":0,\"Data\":\"json:{\\\"FileName\\\":\\\"{context}\\\",\\\"Arguments\\\":\\\"\\\",\\\"RunAsAdmin\\\":false,\\\"WaitForExit\\\":false}\",\"Data2\":\"\",\"Data3\":\"\",\"Children\":null,\"Id\":\"d6072f99-9725-4cde-8582-44ef8ed5895c\",\"TemplateId\":null}]","Data2":null,"Data3":null,"Children":[],"Id":"69ce3356-0e4d-48e6-9c60-d8cd50ab5873","TemplateId":"055e3c43-48ab-4ae2-0e5d-08d63ad7ea1e","TemplateRevision":0,"LastEditTimeUtc":null,"SharedActionId":null,"ShareTimeUtc":null,"CreateTimeUtc":null},{"Row":2,"Col":0,"ActionType":24,"Title":"音乐搜索","Description":"一键搜索网易云,QQ,虾米音乐","Icon":"https://deskpad.oss-cn-shanghai.aliyuncs.com/_icons/E82390CA37D74BAF606F53D52E2277B2A711242B.png","Path":null,"DelayMs":0,"Data":"{\"Variables\":[{\"Key\":\"context\",\"Type\":0,\"Desc\":\"默认的文本变量\",\"DefaultValue\":\"\"},{\"Key\":\"img\",\"Type\":3,\"Desc\":\"默认的图片变量\",\"DefaultValue\":\"\"},{\"Key\":\"songName\",\"Type\":0,\"Desc\":\"\",\"DefaultValue\":\"\"},{\"Key\":\"Xiami\",\"Type\":0,\"Desc\":\"\",\"DefaultValue\":\"\"},{\"Key\":\"Wangyi\",\"Type\":0,\"Desc\":\"\",\"DefaultValue\":\"\"},{\"Key\":\"QQ\",\"Type\":0,\"Desc\":\"\",\"DefaultValue\":\"\"},{\"Key\":\"isTrue\",\"Type\":2,\"Desc\":\"\",\"DefaultValue\":\"\"}],\"Steps\":[{\"StepRunnerKey\":\"sys:getSelectedText\",\"StepType\":0,\"InputParams\":{\"format\":{\"VarKey\":null,\"Value\":\"UnicodeText\"},\"stopIfFail\":{\"VarKey\":null,\"Value\":\"0\"}},\"OutputParams\":{\"output\":\"songName\",\"isSuccess\":\"isTrue\"},\"IfSteps\":null,\"ElseSteps\":null},{\"StepRunnerKey\":\"sys:if\",\"StepType\":1,\"InputParams\":{\"condition\":{\"VarKey\":\"isTrue\",\"Value\":null}},\"OutputParams\":{},\"IfSteps\":[],\"ElseSteps\":[{\"StepRunnerKey\":\"sys:userInput\",\"StepType\":0,\"InputParams\":{\"prompt\":{\"VarKey\":null,\"Value\":\"请输入歌曲名字：\"},\"type\":{\"VarKey\":null,\"Value\":\"text\"},\"defaultValue\":{\"VarKey\":null,\"Value\":\"\"},\"pattern\":{\"VarKey\":null,\"Value\":\"\"}},\"OutputParams\":{\"textValue\":\"songName\",\"numberValue\":null},\"IfSteps\":null,\"ElseSteps\":null}]},{\"StepRunnerKey\":\"sys:formatString\",\"StepType\":0,\"InputParams\":{\"formatString\":{\"VarKey\":null,\"Value\":\"https://www.xiami.com/search?key={0}\"},\"p0\":{\"VarKey\":\"songName\",\"Value\":null},\"p1\":{\"VarKey\":null,\"Value\":\"\"},\"p2\":{\"VarKey\":null,\"Value\":\"\"},\"p3\":{\"VarKey\":null,\"Value\":\"\"},\"p4\":{\"VarKey\":null,\"Value\":\"\"}},\"OutputParams\":{\"output\":\"Xiami\"},\"IfSteps\":null,\"ElseSteps\":null},{\"StepRunnerKey\":\"sys:formatString\",\"StepType\":0,\"InputParams\":{\"formatString\":{\"VarKey\":null,\"Value\":\"https://music.163.com/#/search/m/?s={0}&type=1\"},\"p0\":{\"VarKey\":\"songName\",\"Value\":null},\"p1\":{\"VarKey\":null,\"Value\":\"\"},\"p2\":{\"VarKey\":null,\"Value\":\"\"},\"p3\":{\"VarKey\":null,\"Value\":\"\"},\"p4\":{\"VarKey\":null,\"Value\":\"\"}},\"OutputParams\":{\"output\":\"Wangyi\"},\"IfSteps\":null,\"ElseSteps\":null},{\"StepRunnerKey\":\"sys:formatString\",\"StepType\":0,\"InputParams\":{\"formatString\":{\"VarKey\":null,\"Value\":\"https://y.qq.com/portal/search.html#page=1&searchid=1&remoteplace=txt.yqq.top&t=song&w={0}\"},\"p0\":{\"VarKey\":\"songName\",\"Value\":null},\"p1\":{\"VarKey\":null,\"Value\":\"\"},\"p2\":{\"VarKey\":null,\"Value\":\"\"},\"p3\":{\"VarKey\":null,\"Value\":\"\"},\"p4\":{\"VarKey\":null,\"Value\":\"\"}},\"OutputParams\":{\"output\":\"QQ\"},\"IfSteps\":null,\"ElseSteps\":null},{\"StepRunnerKey\":\"sys:openUrl\",\"StepType\":0,\"InputParams\":{\"url\":{\"VarKey\":\"Xiami\",\"Value\":null},\"browser\":{\"VarKey\":null,\"Value\":\"default\"}},\"OutputParams\":{},\"IfSteps\":null,\"ElseSteps\":null},{\"StepRunnerKey\":\"sys:openUrl\",\"StepType\":0,\"InputParams\":{\"url\":{\"VarKey\":\"Wangyi\",\"Value\":null},\"browser\":{\"VarKey\":null,\"Value\":\"default\"}},\"OutputParams\":{},\"IfSteps\":null,\"ElseSteps\":null},{\"StepRunnerKey\":\"sys:openUrl\",\"StepType\":0,\"InputParams\":{\"url\":{\"VarKey\":\"QQ\",\"Value\":null},\"browser\":{\"VarKey\":null,\"Value\":\"default\"}},\"OutputParams\":{},\"IfSteps\":null,\"ElseSteps\":null}]}","Data2":null,"Data3":null,"Children":[],"Id":"d6e7a6d2-1369-411f-82b7-64b3ca65ce87","TemplateId":"66be4d2f-3542-4c0a-9346-08d666eebf47","TemplateRevision":0,"LastEditTimeUtc":null,"SharedActionId":"","ShareTimeUtc":null,"CreateTimeUtc":"2018-12-28T23:46:19.0328303Z"},{"Row":0,"Col":1,"ActionType":2,"Title":"共享库","Description":"Quicker共享中心","Icon":"https://deskpad.oss-cn-shanghai.aliyuncs.com/_icons/D3A06F2FE259A8B01E7AB69FB9592FD761FF2F17.png","Path":null,"DelayMs":0,"Data":"https://getquicker.net/Share","Data2":null,"Data3":null,"Children":null,"Id":"19c37644-28cb-474f-acd4-b07fb9b3b252","TemplateId":null,"TemplateRevision":0,"LastEditTimeUtc":null,"SharedActionId":null,"ShareTimeUtc":null,"CreateTimeUtc":null},{"Row":1,"Col":1,"ActionType":24,"Title":"文件路径","Description":"批量获取选中文件的文件名/文件路径","Icon":"https://deskpad.oss-cn-shanghai.aliyuncs.com/_icons/9020AE54B71C389B916DC03AD4E3870F05441992.png","Path":null,"DelayMs":0,"Data":"{\"Variables\":[{\"Key\":\"context\",\"Type\":0,\"Desc\":\"默认的文本变量\",\"DefaultValue\":\"\"},{\"Key\":\"img\",\"Type\":3,\"Desc\":\"默认的图片变量\",\"DefaultValue\":\"\"},{\"Key\":\"filelist\",\"Type\":4,\"Desc\":\"\",\"DefaultValue\":\"\"},{\"Key\":\"choice\",\"Type\":0,\"Desc\":\"\",\"DefaultValue\":\"\"},{\"Key\":\"flag_path\",\"Type\":2,\"Desc\":\"\",\"DefaultValue\":\"\"}],\"Steps\":[{\"StepRunnerKey\":\"sys:select\",\"StepType\":0,\"InputParams\":{\"prompt\":{\"VarKey\":null,\"Value\":\"选择操作：\"},\"items\":{\"VarKey\":null,\"Value\":\"复制路径|1\\r\\n复制文件名|2\"},\"defaultValue\":{\"VarKey\":null,\"Value\":\"1\"}},\"OutputParams\":{\"textValue\":\"choice\"},\"IfSteps\":null,\"ElseSteps\":null,\"Note\":null},{\"StepRunnerKey\":\"sys:strCompare\",\"StepType\":0,\"InputParams\":{\"param1\":{\"VarKey\":\"choice\",\"Value\":null},\"type\":{\"VarKey\":null,\"Value\":\"=\"},\"param2\":{\"VarKey\":null,\"Value\":\"1\"},\"case\":{\"VarKey\":null,\"Value\":\"0\"}},\"OutputParams\":{\"value\":\"flag_path\"},\"IfSteps\":null,\"ElseSteps\":null,\"Note\":null},{\"StepRunnerKey\":\"sys:getSelectedFiles\",\"StepType\":0,\"InputParams\":{},\"OutputParams\":{\"files\":\"filelist\"},\"IfSteps\":null,\"ElseSteps\":null,\"Note\":null},{\"StepRunnerKey\":\"sys:if\",\"StepType\":1,\"InputParams\":{\"condition\":{\"VarKey\":\"flag_path\",\"Value\":null}},\"OutputParams\":{},\"IfSteps\":[],\"ElseSteps\":[{\"StepRunnerKey\":\"sys:joinList\",\"StepType\":0,\"InputParams\":{\"list\":{\"VarKey\":\"filelist\",\"Value\":null},\"separator\":{\"VarKey\":null,\"Value\":\"\\r\\n\"}},\"OutputParams\":{\"output\":\"context\"},\"IfSteps\":null,\"ElseSteps\":null,\"Note\":null},{\"StepRunnerKey\":\"sys:formatString\",\"StepType\":0,\"InputParams\":{\"formatString\":{\"VarKey\":null,\"Value\":\"$${context}{0}\"},\"p0\":{\"VarKey\":null,\"Value\":\"\\\\n\"},\"p1\":{\"VarKey\":null,\"Value\":\"\"},\"p2\":{\"VarKey\":null,\"Value\":\"\"},\"p3\":{\"VarKey\":null,\"Value\":\"\"},\"p4\":{\"VarKey\":null,\"Value\":\"\"}},\"OutputParams\":{\"output\":\"context\"},\"IfSteps\":null,\"ElseSteps\":null,\"Note\":null},{\"StepRunnerKey\":\"sys:strReplace\",\"StepType\":0,\"InputParams\":{\"input\":{\"VarKey\":\"context\",\"Value\":null},\"old\":{\"VarKey\":null,\"Value\":\"\\\\n\"},\"new\":{\"VarKey\":null,\"Value\":\"\\\\n\"},\"replaceEscapes\":{\"VarKey\":null,\"Value\":\"1\"},\"useRegex\":{\"VarKey\":null,\"Value\":\"0\"},\"ignoreCase\":{\"VarKey\":null,\"Value\":\"0\"},\"singleLine\":{\"VarKey\":null,\"Value\":\"1\"},\"multiLine\":{\"VarKey\":null,\"Value\":\"0\"}},\"OutputParams\":{\"output\":\"context\"},\"IfSteps\":null,\"ElseSteps\":null,\"Note\":null},{\"StepRunnerKey\":\"sys:regexExtract\",\"StepType\":0,\"InputParams\":{\"data\":{\"VarKey\":\"context\",\"Value\":null},\"pattern\":{\"VarKey\":null,\"Value\":\"([^<>/\\\\\\\\\\\\|:\\\"\\\"\\\\*\\\\?]+)\\\\n\"},\"ignoreCase\":{\"VarKey\":null,\"Value\":\"0\"},\"singleLine\":{\"VarKey\":null,\"Value\":\"1\"},\"multiLine\":{\"VarKey\":null,\"Value\":\"1\"},\"getGroup\":{\"VarKey\":null,\"Value\":\"0\"},\"stopIfFail\":{\"VarKey\":null,\"Value\":\"1\"}},\"OutputParams\":{\"matches\":\"filelist\",\"match1 \":null,\"match2 \":null,\"match3 \":null,\"match4 \":null,\"match5 \":null,\"isSuccess\":null},\"IfSteps\":null,\"ElseSteps\":null,\"Note\":null}],\"Note\":null},{\"StepRunnerKey\":\"sys:joinList\",\"StepType\":0,\"InputParams\":{\"list\":{\"VarKey\":\"filelist\",\"Value\":null},\"separator\":{\"VarKey\":null,\"Value\":\"\\r\\n\"}},\"OutputParams\":{\"output\":\"context\"},\"IfSteps\":null,\"ElseSteps\":null,\"Note\":null},{\"StepRunnerKey\":\"sys:stringProcess\",\"StepType\":0,\"InputParams\":{\"data\":{\"VarKey\":\"context\",\"Value\":null},\"method\":{\"VarKey\":null,\"Value\":\"removeEmptyLine\"}},\"OutputParams\":{\"output\":\"context\"},\"IfSteps\":null,\"ElseSteps\":null,\"Note\":null},{\"StepRunnerKey\":\"sys:writeClipboard\",\"StepType\":0,\"InputParams\":{\"input\":{\"VarKey\":\"context\",\"Value\":null}},\"OutputParams\":{},\"IfSteps\":null,\"ElseSteps\":null,\"Note\":null}]}","Data2":null,"Data3":null,"Children":[],"Id":"92815a0e-91f9-4cbd-9d29-e4de95dc7627","TemplateId":"01611faf-db40-4c0e-bfda-08d6720e1a02","TemplateRevision":0,"LastEditTimeUtc":null,"SharedActionId":"","ShareTimeUtc":null,"CreateTimeUtc":"2019-01-22T13:23:30.3111733Z"},{"Row":3,"Col":0,"ActionType":24,"Title":"日记模板","Description":"写日记的模板，每天问自己四个小问题。写完后发送 Markdown 格式到剪贴板。","Icon":"https://deskpad.oss-cn-shanghai.aliyuncs.com/_icons/29633B9C5EB0C90E183BB5922A57FB2C97FD7862.png","Path":null,"DelayMs":0,"Data":"{\"Variables\":[{\"Key\":\"context\",\"Type\":0,\"Desc\":\"默认的文本变量\",\"DefaultValue\":\"\"},{\"Key\":\"img\",\"Type\":3,\"Desc\":\"默认的图片变量\",\"DefaultValue\":\"\"},{\"Key\":\"question1\",\"Type\":0,\"Desc\":\"问题1\",\"DefaultValue\":\"今天心情怎么样？\"},{\"Key\":\"question2\",\"Type\":0,\"Desc\":\"问题2\",\"DefaultValue\":\"今天完成了什么事情？\"},{\"Key\":\"question3\",\"Type\":0,\"Desc\":\"问题3\",\"DefaultValue\":\"今天印象最深刻的一件事情是什么？\"},{\"Key\":\"question4\",\"Type\":0,\"Desc\":\"问题4\",\"DefaultValue\":\"明天要做什么？\"},{\"Key\":\"answer1\",\"Type\":0,\"Desc\":\"答案1\",\"DefaultValue\":\"\"},{\"Key\":\"answer2\",\"Type\":0,\"Desc\":\"答案2\",\"DefaultValue\":\"\"},{\"Key\":\"answer3\",\"Type\":0,\"Desc\":\"答案3\",\"DefaultValue\":\"\"},{\"Key\":\"answer4\",\"Type\":0,\"Desc\":\"答案4\",\"DefaultValue\":\"\"},{\"Key\":\"date\",\"Type\":6,\"Desc\":\"当前日期\",\"DefaultValue\":\"\"},{\"Key\":\"path\",\"Type\":0,\"Desc\":\"保存的路径\",\"DefaultValue\":\"\"},{\"Key\":\"diary\",\"Type\":0,\"Desc\":\"日记\",\"DefaultValue\":\"\"}],\"Steps\":[{\"StepRunnerKey\":\"sys:getCurrentTime\",\"StepType\":0,\"InputParams\":{\"useUtc\":{\"VarKey\":null,\"Value\":\"0\"}},\"OutputParams\":{\"output\":\"date\"},\"IfSteps\":null,\"ElseSteps\":null,\"Note\":\"日期\",\"Disabled\":false,\"Collapsed\":false},{\"StepRunnerKey\":\"sys:userInput\",\"StepType\":0,\"InputParams\":{\"prompt\":{\"VarKey\":null,\"Value\":\"$${question1}\"},\"type\":{\"VarKey\":null,\"Value\":\"multiline\"},\"defaultValue\":{\"VarKey\":null,\"Value\":\"\"},\"pattern\":{\"VarKey\":null,\"Value\":\"\"},\"restoreFocus\":{\"VarKey\":null,\"Value\":\"0\"}},\"OutputParams\":{\"textValue\":\"answer1\",\"numberValue\":null},\"IfSteps\":null,\"ElseSteps\":null,\"Note\":\"问题1\",\"Disabled\":false,\"Collapsed\":false},{\"StepRunnerKey\":\"sys:userInput\",\"StepType\":0,\"InputParams\":{\"prompt\":{\"VarKey\":null,\"Value\":\"$${question2}\"},\"type\":{\"VarKey\":null,\"Value\":\"multiline\"},\"defaultValue\":{\"VarKey\":null,\"Value\":\"\"},\"pattern\":{\"VarKey\":null,\"Value\":\"\"},\"restoreFocus\":{\"VarKey\":null,\"Value\":\"0\"}},\"OutputParams\":{\"textValue\":\"answer2\",\"numberValue\":null},\"IfSteps\":null,\"ElseSteps\":null,\"Note\":\"问题2\",\"Disabled\":false,\"Collapsed\":false},{\"StepRunnerKey\":\"sys:userInput\",\"StepType\":0,\"InputParams\":{\"prompt\":{\"VarKey\":null,\"Value\":\"$${question3}\"},\"type\":{\"VarKey\":null,\"Value\":\"multiline\"},\"defaultValue\":{\"VarKey\":null,\"Value\":\"\"},\"pattern\":{\"VarKey\":null,\"Value\":\"\"},\"restoreFocus\":{\"VarKey\":null,\"Value\":\"0\"}},\"OutputParams\":{\"textValue\":\"answer3\",\"numberValue\":null},\"IfSteps\":null,\"ElseSteps\":null,\"Note\":\"问题3\",\"Disabled\":false,\"Collapsed\":false},{\"StepRunnerKey\":\"sys:userInput\",\"StepType\":0,\"InputParams\":{\"prompt\":{\"VarKey\":null,\"Value\":\"$${question4}\"},\"type\":{\"VarKey\":null,\"Value\":\"multiline\"},\"defaultValue\":{\"VarKey\":null,\"Value\":\"\"},\"pattern\":{\"VarKey\":null,\"Value\":\"\"},\"restoreFocus\":{\"VarKey\":null,\"Value\":\"0\"}},\"OutputParams\":{\"textValue\":\"answer4\",\"numberValue\":null},\"IfSteps\":null,\"ElseSteps\":null,\"Note\":\"问题4\",\"Disabled\":false,\"Collapsed\":false},{\"StepRunnerKey\":\"sys:delay\",\"StepType\":0,\"InputParams\":{\"delayMs\":{\"VarKey\":null,\"Value\":\"100\"}},\"OutputParams\":{},\"IfSteps\":null,\"ElseSteps\":null,\"Note\":\"\",\"Disabled\":false,\"Collapsed\":false},{\"StepRunnerKey\":\"sys:formatString\",\"StepType\":0,\"InputParams\":{\"formatString\":{\"VarKey\":null,\"Value\":\"$$# {date} 日记\\r\\n\\r\\n## {question1}\\r\\n\\r\\n{answer1}\\r\\n\\r\\n## {question2}\\r\\n\\r\\n{answer2}\\r\\n\\r\\n## {question3}\\r\\n\\r\\n{answer3}\\r\\n\\r\\n## {question4}\\r\\n\\r\\n{answer4}\\r\\n\"},\"p0\":{\"VarKey\":null,\"Value\":\"\"},\"p1\":{\"VarKey\":null,\"Value\":\"\"},\"p2\":{\"VarKey\":null,\"Value\":\"\"},\"p3\":{\"VarKey\":null,\"Value\":\"\"},\"p4\":{\"VarKey\":null,\"Value\":\"\"}},\"OutputParams\":{\"output\":\"diary\"},\"IfSteps\":null,\"ElseSteps\":null,\"Note\":\"组合成日记\",\"Disabled\":false,\"Collapsed\":false},{\"StepRunnerKey\":\"sys:delay\",\"StepType\":0,\"InputParams\":{\"delayMs\":{\"VarKey\":null,\"Value\":\"100\"}},\"OutputParams\":{},\"IfSteps\":null,\"ElseSteps\":null,\"Note\":\"\",\"Disabled\":false,\"Collapsed\":false},{\"StepRunnerKey\":\"sys:writeClipboard\",\"StepType\":0,\"InputParams\":{\"input\":{\"VarKey\":\"diary\",\"Value\":null}},\"OutputParams\":{},\"IfSteps\":null,\"ElseSteps\":null,\"Note\":\"发送到剪贴板\",\"Disabled\":false,\"Collapsed\":false},{\"StepRunnerKey\":\"sys:MsgBox\",\"StepType\":0,\"InputParams\":{\"message\":{\"VarKey\":null,\"Value\":\"$$-----日记预览-----\\r\\n\\r\\n{diary}\\r\\n\\r\\n-----日记预览-----\\r\\n\\r\\n日记内容已发送至剪贴板，请粘贴到合适的位置妥善保存。\"},\"title\":{\"VarKey\":null,\"Value\":\"日记已发送至剪贴板\"},\"icon\":{\"VarKey\":null,\"Value\":\"Asterisk\"},\"buttons\":{\"VarKey\":null,\"Value\":\"OK\"}},\"OutputParams\":{\"result\":null,\"okOrYes\":null},\"IfSteps\":null,\"ElseSteps\":null,\"Note\":\"提示\",\"Disabled\":false,\"Collapsed\":false}]}","Data2":null,"Data3":null,"Children":[],"Id":"47c56bd6-df39-44d0-b4b9-9aa0f03a78f1","TemplateId":"9640dc6a-d637-4c24-2a60-08d69553d63a","TemplateRevision":1,"LastEditTimeUtc":null,"SharedActionId":"","ShareTimeUtc":null,"CreateTimeUtc":"2019-02-21T04:33:11.3797361Z"}],"AliasOfProfile":null}