{"Name":"Visual Studio Code","FileVersionId":1687,"DisplayName":"Visual Studio Code","Id":"6180c12d-44a8-45c1-b15a-8ebf38a95c87","LastUpdateTimeUtc":"2019-01-22T02:54:26.0425843","ProfileType":3,"ExeFile":"Code.exe","MatchFullPath":false,"ExeFullpath":"C:\\Program Files\\Microsoft VS Code\\Code.exe","ListOrder":0,"ActionItems":[{"Row":0,"Col":0,"ActionType":24,"Title":"定位文件","Description":"在资源管理器中定位文件","Icon":"https://deskpad.oss-cn-shanghai.aliyuncs.com/_icons/597622BF395605521811A259F116869123171012.png","Path":null,"DelayMs":0,"Data":"{\"Variables\":[{\"Key\":\"context\",\"Type\":0,\"Desc\":\"默认的文本变量\",\"DefaultValue\":\"\"},{\"Key\":\"img\",\"Type\":3,\"Desc\":\"默认的图片变量\",\"DefaultValue\":\"\"}],\"Steps\":[{\"StepRunnerKey\":\"sys:keyInput\",\"StepType\":3,\"InputParams\":{\"keys\":{\"VarKey\":null,\"Value\":\"{\\\"CtrlKeys\\\":[162,160],\\\"Keys\\\":[80]}\"}},\"OutputParams\":{},\"IfSteps\":null,\"ElseSteps\":null},{\"StepRunnerKey\":\"sys:delay\",\"StepType\":0,\"InputParams\":{\"delayMs\":{\"VarKey\":null,\"Value\":\"30\"}},\"OutputParams\":{},\"IfSteps\":null,\"ElseSteps\":null},{\"StepRunnerKey\":\"sys:outputText\",\"StepType\":0,\"InputParams\":{\"content\":{\"VarKey\":null,\"Value\":\"copy path of active file\"},\"method\":{\"VarKey\":null,\"Value\":\"input\"}},\"OutputParams\":{},\"IfSteps\":null,\"ElseSteps\":null},{\"StepRunnerKey\":\"sys:keyInput\",\"StepType\":3,\"InputParams\":{\"keys\":{\"VarKey\":null,\"Value\":\"{\\\"CtrlKeys\\\":[],\\\"Keys\\\":[13]}\"}},\"OutputParams\":{},\"IfSteps\":null,\"ElseSteps\":null},{\"StepRunnerKey\":\"sys:delay\",\"StepType\":0,\"InputParams\":{\"delayMs\":{\"VarKey\":null,\"Value\":\"500\"}},\"OutputParams\":{},\"IfSteps\":null,\"ElseSteps\":null},{\"StepRunnerKey\":\"sys:getClipboardText\",\"StepType\":0,\"InputParams\":{\"format\":{\"VarKey\":null,\"Value\":\"UnicodeText\"},\"stopIfFail\":{\"VarKey\":null,\"Value\":\"1\"}},\"OutputParams\":{\"output\":\"context\"},\"IfSteps\":null,\"ElseSteps\":null},{\"StepRunnerKey\":\"sys:SelectFileInExplorer\",\"StepType\":0,\"InputParams\":{\"path\":{\"VarKey\":\"context\",\"Value\":null}},\"OutputParams\":{},\"IfSteps\":null,\"ElseSteps\":null},{\"StepRunnerKey\":\"sys:stop\",\"StepType\":0,\"InputParams\":{},\"OutputParams\":{},\"IfSteps\":null,\"ElseSteps\":null}]}","Data2":null,"Data3":null,"Children":[],"Id":"2b603eba-5a81-4c35-98f7-e58a50b8810e","TemplateId":"6cd5f351-dd61-44b6-9363-08d65ffe1de5","TemplateRevision":1,"LastEditTimeUtc":null,"SharedActionId":"","ShareTimeUtc":null,"CreateTimeUtc":"2019-01-22T01:01:44.467601Z"},{"Row":0,"Col":1,"ActionType":7,"Title":"复制文件路径","Description":"复制当前文件路径","Icon":"https://deskpad.oss-cn-shanghai.aliyuncs.com/_icons/C49FE30513A5A934F36CCC23FC65DF5ADEE7AC68.png","Path":null,"DelayMs":0,"Data":"@CONTROL,SHIFT+VK_P\n%Copy Path of Active File\n!RETURN","Data2":null,"Data3":null,"Children":[],"Id":"65ebccbe-f9d2-4a0c-acf0-c84dae57237b","TemplateId":"dfc6d0df-2d8e-42ba-4efe-08d6487f2e85","TemplateRevision":0,"LastEditTimeUtc":null,"SharedActionId":"","ShareTimeUtc":null,"CreateTimeUtc":"2019-01-22T01:03:24.2616842Z"},{"Row":0,"Col":2,"ActionType":7,"Title":"格式化代码","Description":"格式化当前代码文档","Icon":"https://deskpad.oss-cn-shanghai.aliyuncs.com/_icons/B5E942B7A5689E45B4E9D54BB0D2E7CBDD57F0A9.png","Path":null,"DelayMs":0,"Data":"@SHIFT,MENU+VK_F","Data2":null,"Data3":null,"Children":[],"Id":"1fbfc305-e706-4308-b018-abb7bc3fbf3e","TemplateId":"23c28d92-14b8-448e-84f0-08d63d88b15c","TemplateRevision":0,"LastEditTimeUtc":null,"SharedActionId":"","ShareTimeUtc":null,"CreateTimeUtc":"2019-01-22T01:16:41.8453007Z"},{"Row":0,"Col":3,"ActionType":7,"Title":"debug","Description":"debug","Icon":"https://deskpad.oss-cn-shanghai.aliyuncs.com/_icons/B30D244FB25E78E920E4D7184E1EDBBC583628C7.png","Path":null,"DelayMs":0,"Data":"!F5","Data2":null,"Data3":null,"Children":null,"Id":"a3153ac5-dd32-443b-b7fd-a11d7504bd29","TemplateId":null,"TemplateRevision":0,"LastEditTimeUtc":"2019-01-22T01:36:13.4233006Z","SharedActionId":null,"ShareTimeUtc":null,"CreateTimeUtc":null},{"Row":1,"Col":0,"ActionType":7,"Title":"run","Description":"run","Icon":"https://deskpad.oss-cn-shanghai.aliyuncs.com/_icons/6A02868030416BE13CEA7F9FEA5DFFDDA14B6FAA.png","Path":null,"DelayMs":0,"Data":"@LCONTROL+F5","Data2":null,"Data3":null,"Children":null,"Id":"57becb32-1dc3-459d-be1b-1c01a0e27010","TemplateId":null,"TemplateRevision":0,"LastEditTimeUtc":"2019-01-22T01:37:35.0010023Z","SharedActionId":null,"ShareTimeUtc":null,"CreateTimeUtc":null},{"Row":1,"Col":1,"ActionType":7,"Title":"上一视图","Description":"上一视图","Icon":"https://deskpad.oss-cn-shanghai.aliyuncs.com/_icons/409458A4D3DFFA67B4AFBB3ECB9E79F50D9FD654.png","Path":null,"DelayMs":0,"Data":"@LMENU+LEFT","Data2":null,"Data3":null,"Children":null,"Id":"58124b9c-92f1-42ea-aef8-f183229d534b","TemplateId":null,"TemplateRevision":0,"LastEditTimeUtc":"2019-01-22T02:48:06.1897607Z","SharedActionId":null,"ShareTimeUtc":null,"CreateTimeUtc":null},{"Row":1,"Col":2,"ActionType":7,"Title":"下一视图","Description":"下一视图","Icon":"https://deskpad.oss-cn-shanghai.aliyuncs.com/_icons/06617F9E14CCA4EB94C255CFDC3AA3543E6542CA.png","Path":null,"DelayMs":0,"Data":"@LMENU+RIGHT","Data2":null,"Data3":null,"Children":null,"Id":"29604022-2469-4a90-9150-afe871087fc0","TemplateId":null,"TemplateRevision":0,"LastEditTimeUtc":"2019-01-22T02:47:55.8938375Z","SharedActionId":null,"ShareTimeUtc":null,"CreateTimeUtc":null},{"Row":1,"Col":3,"ActionType":7,"Title":"All Reference","Description":"All Reference","Icon":"https://deskpad.oss-cn-shanghai.aliyuncs.com/_icons/BBFD562283C98DC5FC79D4420EB2000C42613152.png","Path":null,"DelayMs":0,"Data":"@LSHIFT,LMENU+F12","Data2":null,"Data3":null,"Children":null,"Id":"f55af378-0942-4f21-a5cf-3332475bbad1","TemplateId":null,"TemplateRevision":0,"LastEditTimeUtc":"2019-01-22T02:54:26.0405895Z","SharedActionId":null,"ShareTimeUtc":null,"CreateTimeUtc":null}],"AliasOfProfile":""}