{"Name":"Microsoft Excel","FileVersionId":13,"DisplayName":"Microsoft Excel","Id":"a3c2ff8f-7ff8-490d-8d67-0ba237030a70","LastUpdateTimeUtc":"2019-01-14T23:43:40.4466667","ProfileType":3,"ExeFile":"EXCEL.EXE","MatchFullPath":false,"ExeFullpath":"C:\\Program Files (x86)\\Microsoft Office\\root\\Office16\\EXCEL.EXE","ListOrder":0,"ActionItems":[{"Row":0,"Col":0,"ActionType":7,"Title":"全部边框","Description":"为选中单元格添加全部边框","Icon":"https://deskpad.oss-cn-shanghai.aliyuncs.com/_icons/E26D5195A92472F97FA02DC1C57E87D3EEB9AF13.png","Path":null,"DelayMs":0,"Data":"@alt|h\r\n!b\r\n!a","Data2":null,"Data3":null,"Children":[],"Id":"28792597-b9af-46c8-9699-d0bc525d8de8","TemplateId":"87742359-e211-43b0-2632-08d62fd4fa71","TemplateRevision":0,"LastEditTimeUtc":null,"SharedActionId":null,"ShareTimeUtc":null,"CreateTimeUtc":null},{"Row":0,"Col":1,"ActionType":7,"Title":"冻结窗格","Description":"在选中单元格处冻结窗格","Icon":"https://deskpad.oss-cn-shanghai.aliyuncs.com/607d3743-f0e0-4589-8552-06c3ae86c2ef/icons/freeze_cell.png","Path":null,"DelayMs":0,"Data":"@MENU+VK_W\n%f\n%f","Data2":null,"Data3":null,"Children":[],"Id":"22fb52d7-0fc3-46d2-b7aa-4042a06f5672","TemplateId":"f8299c97-6437-4318-ea36-08d632f9c1e5","TemplateRevision":0,"LastEditTimeUtc":null,"SharedActionId":null,"ShareTimeUtc":null,"CreateTimeUtc":null},{"Row":0,"Col":2,"ActionType":7,"Title":"打印预览","Description":"显示打印预览","Icon":"https://deskpad.oss-cn-shanghai.aliyuncs.com/607d3743-f0e0-4589-8552-06c3ae86c2ef/icons/PrintPreviewZoomMenu.png","Path":null,"DelayMs":0,"Data":"@CONTROL+F2","Data2":null,"Data3":null,"Children":[],"Id":"3e8df114-f5f3-4a33-9a9f-b2e862f3423d","TemplateId":"01d1a980-1952-4b85-5d50-08d6326f41e7","TemplateRevision":0,"LastEditTimeUtc":null,"SharedActionId":null,"ShareTimeUtc":null,"CreateTimeUtc":null},{"Row":0,"Col":3,"ActionType":7,"Title":"筛选","Description":"","Icon":"https://deskpad.oss-cn-shanghai.aliyuncs.com/607d3743-f0e0-4589-8552-06c3ae86c2ef/icons/Filter.png","Path":null,"DelayMs":0,"Data":"@ctrl,shift|l","Data2":null,"Data3":null,"Children":[],"Id":"f202dec5-8854-454b-886b-6f9fb94d2b16","TemplateId":"0fa05d00-064b-42f2-262f-08d62fd4fa71","TemplateRevision":0,"LastEditTimeUtc":null,"SharedActionId":null,"ShareTimeUtc":null,"CreateTimeUtc":null},{"Row":1,"Col":0,"ActionType":7,"Title":"页面设置","Description":"","Icon":"https://deskpad.oss-cn-shanghai.aliyuncs.com/607d3743-f0e0-4589-8552-06c3ae86c2ef/icons/PageSetupDialog.png","Path":null,"DelayMs":0,"Data":"@alt|p\r\nsp\r\n","Data2":null,"Data3":null,"Children":[],"Id":"a3d692dd-4ec7-4113-96d4-8b6754050681","TemplateId":"d063c711-7b74-4bcc-2630-08d62fd4fa71","TemplateRevision":0,"LastEditTimeUtc":null,"SharedActionId":null,"ShareTimeUtc":null,"CreateTimeUtc":null}],"AliasOfProfile":null}