{"Name":"PyCharm","FileVersionId":940,"DisplayName":"PyCharm","Id":"efd08f47-e8ac-4d3a-b88b-c5ebc8e9dc7b","LastUpdateTimeUtc":"2019-01-22T07:06:27.7863342","ProfileType":3,"ExeFile":"pycharm64.exe","MatchFullPath":false,"ExeFullpath":"D:\\Program Files\\PyCharm\\bin\\pycharm64.exe","ListOrder":0,"ActionItems":[{"Row":0,"Col":0,"ActionType":7,"Title":"Rename","Description":"为选中的变量/文件重命名","Icon":"https://deskpad.oss-cn-shanghai.aliyuncs.com/_icons/6F5DF4FC74C408CBC4390F447E658374922D5F7C.png","Path":null,"DelayMs":0,"Data":"@LSHIFT+F6","Data2":null,"Data3":null,"Children":[],"Id":"63b0d575-b25c-423e-bc37-9f2782d646bf","TemplateId":"646ea915-5826-4fd6-e3bf-08d67b8be77e","TemplateRevision":0,"LastEditTimeUtc":null,"SharedActionId":"","ShareTimeUtc":null,"CreateTimeUtc":"2019-01-22T01:11:27.3871527Z"},{"Row":0,"Col":2,"ActionType":7,"Title":"Expand All","Description":"展开所有代码","Icon":"https://deskpad.oss-cn-shanghai.aliyuncs.com/_icons/D64F6C2B37BF09FA0A049403EAC101CE76E5B969.png","Path":null,"DelayMs":0,"Data":"@LCONTROL,LSHIFT+ADD","Data2":null,"Data3":null,"Children":[],"Id":"cd68b5de-75e9-493b-be36-0f8771afdd71","TemplateId":"4ea64a1f-d3e0-44aa-e3c1-08d67b8be77e","TemplateRevision":0,"LastEditTimeUtc":null,"SharedActionId":"","ShareTimeUtc":null,"CreateTimeUtc":"2019-01-22T01:11:43.4963644Z"},{"Row":0,"Col":2,"ActionType":7,"Title":"Expand All","Description":"展开所有代码","Icon":"https://deskpad.oss-cn-shanghai.aliyuncs.com/_icons/D64F6C2B37BF09FA0A049403EAC101CE76E5B969.png","Path":null,"DelayMs":0,"Data":"@LCONTROL,LSHIFT+ADD","Data2":null,"Data3":null,"Children":[],"Id":"cd68b5de-75e9-493b-be36-0f8771afdd71","TemplateId":"4ea64a1f-d3e0-44aa-e3c1-08d67b8be77e","TemplateRevision":0,"LastEditTimeUtc":null,"SharedActionId":"","ShareTimeUtc":null,"CreateTimeUtc":"2019-01-22T01:11:43.4963644Z"},{"Row":0,"Col":3,"ActionType":7,"Title":"断点+Debug","Description":"打断点后进行Debug","Icon":"https://deskpad.oss-cn-shanghai.aliyuncs.com/_icons/97106ACAF4085A4EA375CF67A442A014114AA7D0.png","Path":null,"DelayMs":0,"Data":"!ESCAPE\n;500\n!END\n;500\n!RETURN\n%print()\n;500\n@LCONTROL+F8\n@LSHIFT+F9","Data2":null,"Data3":null,"Children":[],"Id":"83904c43-c3bc-49ac-9cd1-79bcc5f2623c","TemplateId":"8a6bda83-f015-4334-941c-08d6737bf420","TemplateRevision":0,"LastEditTimeUtc":null,"SharedActionId":"","ShareTimeUtc":null,"CreateTimeUtc":"2019-01-22T01:12:21.9873091Z"},{"Row":1,"Col":0,"ActionType":7,"Title":"Run","Description":"运行","Icon":"https://deskpad.oss-cn-shanghai.aliyuncs.com/_icons/F19B7BC8029A8B6BBE95B902D32E8D6CEFE87B53.png","Path":null,"DelayMs":0,"Data":"@LSHIFT+F10","Data2":null,"Data3":null,"Children":[],"Id":"67149df3-ddc9-4c53-a1a6-0c8e17ce081e","TemplateId":"8c6269e2-f670-4a2f-e3c0-08d67b8be77e","TemplateRevision":0,"LastEditTimeUtc":"2019-01-22T01:14:55.8837965Z","SharedActionId":"","ShareTimeUtc":null,"CreateTimeUtc":"2019-01-22T01:12:40.4228709Z"},{"Row":0,"Col":1,"ActionType":7,"Title":"Collapse All","Description":"收起所有代码","Icon":"https://deskpad.oss-cn-shanghai.aliyuncs.com/_icons/C13DECB98E4CD2ECA0EE8D33F9D085736D8A1B21.png","Path":null,"DelayMs":0,"Data":"@LCONTROL,LSHIFT+SUBTRACT","Data2":null,"Data3":null,"Children":[],"Id":"3db61bd1-6396-42b3-a90b-0725b7a22513","TemplateId":"9a152c46-e463-4043-e3c2-08d67b8be77e","TemplateRevision":0,"LastEditTimeUtc":null,"SharedActionId":"","ShareTimeUtc":null,"CreateTimeUtc":"2019-01-22T01:11:58.9671944Z"},{"Row":1,"Col":1,"ActionType":7,"Title":"find usages","Description":"","Icon":"https://deskpad.oss-cn-shanghai.aliyuncs.com/_icons/BBFD562283C98DC5FC79D4420EB2000C42613152.png","Path":null,"DelayMs":0,"Data":"@LMENU+F7","Data2":null,"Data3":null,"Children":null,"Id":"3b488484-f481-49c3-a258-7a24776f78af","TemplateId":null,"TemplateRevision":0,"LastEditTimeUtc":"2019-01-22T07:06:27.7863342Z","SharedActionId":null,"ShareTimeUtc":null,"CreateTimeUtc":null}],"AliasOfProfile":""}