{
  "UserId": "fc8b2186-01ae-4b79-b737-d4e41778493b",
  "UserName": "1259721621@qq.com",
  "NickName": "WeetCheng",
  "Token": "eyJhbGciOiJIUzI1NiIsInR5cCI6IkpXVCJ9.eyJuYW1laWQiOiJmYzhiMjE4Ni0wMWFlLTRiNzktYjczNy1kNGU0MTc3ODQ5M2IiLCJ1bmlxdWVfbmFtZSI6IjEyNTk3MjE2MjFAcXEuY29tIiwibmJmIjoxNTQ4NDkwMTQwLCJleHAiOjE1NTcxMzAxNDAsImlhdCI6MTU0ODQ5MDE0MH0.IkiLKUWp1rPusJwiCKJ30E54T3tE4Upz9sbd9390cko",
  "UserSettings": {
    "ShowStartupTip": true,
    "IsAppEnabled": true,
    "ConnectionCode": "quicker",
    "Port": 666,
    "IsAutoMinimize": false,
    "RecvImageCopyToClipboard": true,
    "RecvImagePasteToWindow": false,
    "RecvImageOpenFolder": true,
    "RecvImageOpenWithDefaultProgram": false,
    "RecvImageOpenWithProgram": "",
    "RecvFileFolder": null,
    "OpenPopWithMiddleClick": true,
    "OpenPopWithCtrlMiddleClick": false,
    "OpenPopWithCtrlClick": false,
    "OpenPopWithCtrlRightClick": false,
    "OpenPopWithLongRightPress": true,
    "OpenPopWithRightPressMove": true,
    "RightBtnPopupDelayMs": 200,
    "EnableReleaseOnButtonTrigger": true,
    "OpenPopWithWheelLeft": false,
    "OpenWithGlobalHotkey": "",
    "SpecialExeList": [],
    "ToMousePosWhenOpenByKeyboard": false,
    "DisableOnFullscreenApp": false,
    "ReplaceCapsToCtrlSpace": false,
    "EnableWinAppUsageCounter": false,
    "UiSettings": {
      "BackgroundColor": "#99B0B0B0",
      "ButtonSize": 79.0,
      "ButtonSpace": 1.0,
      "FrameBorderWidth": 10.0,
      "HideLabelIfHasIcon": false,
      "ButtonBgColor": "#FFFFFFFF",
      "InvalidButtonBgColor": "#32C8C8C8",
      "BlurMode": 4,
      "BlurOpacity": 0,
      "HoverColor": "#FFB2F2FF",
      "LabelColor": "#FF000000",
      "EnableZoomEffect": true
    },
    "EnablePinFunc": false,
    "KeyTriggers": {}
  },
  "UserSettingsUpdateTimeUtc": "2019-02-20T06:56:14.7751455",
  "LastVersion": "0.8.5.0",
  "MastUpdate": false,
  "NewVersionLink": "",
  "LockButtons": [
    3
  ],
  "MaxButtonPanels": 0,
  "MemberLevel": 0,
  "MemberExpireTimeUtc": null,
  "LockFolderAction": true,
  "FixedButtonAction": {
    "Row": 0,
    "Col": 0,
    "ActionType": 2,
    "Title": "Quicker主页",
    "Description": "打开Quicker主页",
    "Icon": "https://getquicker.net/assets/quicker/quicker50.png",
    "Path": null,
    "DelayMs": 0,
    "Data": "https://getquicker.net",
    "Data2": null,
    "Data3": null,
    "Children": null,
    "Id": "19a8ec13-7f42-4709-b31f-224dba0d671b",
    "TemplateId": null,
    "TemplateRevision": 0,
    "LastEditTimeUtc": null,
    "SharedActionId": null,
    "ShareTimeUtc": null,
    "CreateTimeUtc": null
  }
}